Package,TaskView,,,,,
abc,Bayesian,,,,,
abn,Bayesian,,,,,
AdMit,Bayesian,,,,,
armæ(core),Bayesian,,,,,
AtelieR,Bayesian,,,,,
BaBooN,Bayesian,,,,,
BACCOæ(core),Bayesian,,,,,
BaM,Bayesian,,,,,
BAS,Bayesian,,,,,
BayesDA,Bayesian,,,,,
bayesGARCH,Bayesian,,,,,
bayesImageS,Bayesian,,,,,
bayesmæ(core),Bayesian,,,,,
bayesmeta,Bayesian,,,,,
bayesmix,Bayesian,,,,,
bayesQR,Bayesian,,,,,
BayesSummaryStatLM,Bayesian,,,,,
bayesSurvæ(core),Bayesian,,,,,
Bayesthresh,Bayesian,,,,,
BayesTree,Bayesian,,,,,
BayesValidate,Bayesian,,,,,
BayesVarSel,Bayesian,,,,,
BayesX,Bayesian,,,,,
BayHaz,Bayesian,,,,,
BAYSTAR,Bayesian,,,,,
bbemkr,Bayesian,,,,,
BCBCSF,Bayesian,,,,,
BCE,Bayesian,,,,,
bclust,Bayesian,,,,,
bcp,Bayesian,,,,,
bisoreg,Bayesian,,,,,
BLR,Bayesian,,,,,
BMA,Bayesian,,,,,
Bmix,Bayesian,,,,,
BMS,Bayesian,,,,,
bnlearn,Bayesian,,,,,
boaæ(core),Bayesian,,,,,
Bolstad,Bayesian,,,,,
Boom,Bayesian,,,,,
BoomSpikeSlab,Bayesian,,,,,
bqtl,Bayesian,,,,,
bridgesampling,Bayesian,,,,,
bspec,Bayesian,,,,,
bspmma,Bayesian,,,,,
BSquare,Bayesian,,,,,
bsts,Bayesian,,,,,
BVS,Bayesian,,,,,
catnet,Bayesian,,,,,
coalescentMCMC,Bayesian,,,,,
codaæ(core),Bayesian,,,,,
cudaBayesreg,Bayesian,,,,,
dclone,Bayesian,,,,,
deal,Bayesian,,,,,
deBInfer,Bayesian,,,,,
dlm,Bayesian,,,,,
DPpackageæ(core),Bayesian,,,,,
EbayesThresh,Bayesian,,,,,
ebdbNet,Bayesian,,,,,
eco,Bayesian,,,,,
eigenmodel,Bayesian,,,,,
ensembleBMA,Bayesian,,,,,
evdbayes,Bayesian,,,,,
exactLoglinTest,Bayesian,,,,,
factorQR,Bayesian,,,,,
FME,Bayesian,,,,,
geoR,Bayesian,,,,,
geoRglm,Bayesian,,,,,
ggmcmc,Bayesian,,,,,
glmmBUGS,Bayesian,,,,,
gRain,Bayesian,,,,,
growcurves,Bayesian,,,,,
hbsae,Bayesian,,,,,
HI,Bayesian,,,,,
Hmisc,Bayesian,,,,,
iterLap,Bayesian,,,,,
LaplacesDemon,Bayesian,,,,,
LearnBayes,Bayesian,,,,,
lme4,Bayesian,,,,,
lmm,Bayesian,,,,,
MasterBayes,Bayesian,,,,,
matchingMarkets,Bayesian,,,,,
mcmcæ(core),Bayesian,,,,,
MCMCglmm,Bayesian,,,,,
MCMCpackæ(core),Bayesian,,,,,
mgcv,Bayesian,,,,,
mlogitBMA,Bayesian,,,,,
MNP,Bayesian,,,,,
mombf,Bayesian,,,,,
monomvn,Bayesian,,,,,
MSBVAR,Bayesian,,,,,
NetworkChange,Bayesian,,,,,
nimble,Bayesian,,,,,
openEBGM,Bayesian,,,,,
pacbpred,Bayesian,,,,,
PAWL,Bayesian,,,,,
PottsUtils,Bayesian,,,,,
predmixcor,Bayesian,,,,,
PReMiuM,Bayesian,,,,,
prevalence,Bayesian,,,,,
profdpm,Bayesian,,,,,
pscl,Bayesian,,,,,
R2jags,Bayesian,,,,,
R2WinBUGS,Bayesian,,,,,
ramps,Bayesian,,,,,
rbugs,Bayesian,,,,,
revdbayes,Bayesian,,,,,
RJaCGH,Bayesian,,,,,
rjags,Bayesian,,,,,
RSGHB,Bayesian,,,,,
RSGHB,Bayesian,,,,,
rstan,Bayesian,,,,,
rstiefel,Bayesian,,,,,
runjags,Bayesian,,,,,
Runuran,Bayesian,,,,,
RxCEcolInf,Bayesian,,,,,
SamplerCompare,Bayesian,,,,,
SampleSizeMeans,Bayesian,,,,,
SampleSizeProportions,Bayesian,,,,,
sbgcop,Bayesian,,,,,
SimpleTable,Bayesian,,,,,
sna,Bayesian,,,,,
spBayes,Bayesian,,,,,
spikeslab,Bayesian,,,,,
spikeSlabGAM,Bayesian,,,,,
spTimer,Bayesian,,,,,
stochvol,Bayesian,,,,,
tgp,Bayesian,,,,,
tRophicPosition,Bayesian,,,,,
zic,Bayesian,,,,,
ALSæ(core),ChemPhys,,,,,
AnalyzeFMRI,ChemPhys,,,,,
AquaEnv,ChemPhys,,,,,
astro,ChemPhys,,,,,
astrochron,ChemPhys,,,,,
astrodatR,ChemPhys,,,,,
astroFns,ChemPhys,,,,,
astrolibR,ChemPhys,,,,,
Bchron,ChemPhys,,,,,
BioMark,ChemPhys,,,,,
bvls,ChemPhys,,,,,
celestial,ChemPhys,,,,,
CellularAutomaton,ChemPhys,,,,,
chemCalæ(core),ChemPhys,,,,,
chemometrics,ChemPhys,,,,,
ChemometricsWithR,ChemPhys,,,,,
ChemoSpec,ChemPhys,,,,,
CHNOSZ,ChemPhys,,,,,
clustvarsel,ChemPhys,,,,,
compositions,ChemPhys,,,,,
cosmoFns,ChemPhys,,,,,
CosmoPhotoz,ChemPhys,,,,,
CRAC,ChemPhys,,,,,
dielectric,ChemPhys,,,,,
diffractometry,ChemPhys,,,,,
drc,ChemPhys,,,,,
drm,ChemPhys,,,,,
EEM,ChemPhys,,,,,
elasticnet,ChemPhys,,,,,
enpls,ChemPhys,,,,,
fastICA,ChemPhys,,,,,
FITSio,ChemPhys,,,,,
fmri,ChemPhys,,,,,
fpca,ChemPhys,,,,,
FTICRMS,ChemPhys,,,,,
homals,ChemPhys,,,,,
hyperSpec,ChemPhys,,,,,
investr,ChemPhys,,,,,
Isoæ(core),ChemPhys,,,,,
kohonenæ(core),ChemPhys,,,,,
leaps,ChemPhys,,,,,
lira,ChemPhys,,,,,
lspls,ChemPhys,,,,,
MALDIquant,ChemPhys,,,,,
minpack.lm,ChemPhys,,,,,
moonsun,ChemPhys,,,,,
nlme,ChemPhys,,,,,
nlreg,ChemPhys,,,,,
nnlsæ(core),ChemPhys,,,,,
OrgMassSpecR,ChemPhys,,,,,
pcaPP,ChemPhys,,,,,
Peaks,ChemPhys,,,,,
PET,ChemPhys,,,,,
planar,ChemPhys,,,,,
plsæ(core),ChemPhys,,,,,
plspm,ChemPhys,,,,,
ppls,ChemPhys,,,,,
prospectr,ChemPhys,,,,,
psy,ChemPhys,,,,,
PTAkæ(core),ChemPhys,,,,,
quantchem,ChemPhys,,,,,
rcdk,ChemPhys,,,,,
rcdklibs,ChemPhys,,,,,
represent,ChemPhys,,,,,
resemble,ChemPhys,,,,,
RobPer,ChemPhys,,,,,
rpubchem,ChemPhys,,,,,
sapa,ChemPhys,,,,,
SCEPtER,ChemPhys,,,,,
SCEPtERbinary,ChemPhys,,,,,
simecol,ChemPhys,,,,,
snapshot,ChemPhys,,,,,
solaR,ChemPhys,,,,,
som,ChemPhys,,,,,
SPADAR,ChemPhys,,,,,
speaq,ChemPhys,,,,,
spls,ChemPhys,,,,,
stellaR,ChemPhys,,,,,
stepPlr,ChemPhys,,,,,
subselect,ChemPhys,,,,,
TIMP,ChemPhys,,,,,
titan,ChemPhys,,,,,
titrationCurves,ChemPhys,,,,,
UPMASK,ChemPhys,,,,,
varSelRF,ChemPhys,,,,,
webchem,ChemPhys,,,,,
WilcoxCV,ChemPhys,,,,,
adaptTestæ(core),ClinicalTrials,,,,,
AGSDest,ClinicalTrials,,,,,
asdæ(core),ClinicalTrials,,,,,
asypow,ClinicalTrials,,,,,
bcrmæ(core),ClinicalTrials,,,,,
bifactorialæ(core),ClinicalTrials,,,,,
binomSamSize,ClinicalTrials,,,,,
blockrandæ(core),ClinicalTrials,,,,,
clinfunæ(core),ClinicalTrials,,,,,
clinsig,ClinicalTrials,,,,,
clusterPower,ClinicalTrials,,,,,
coin,ClinicalTrials,,,,,
conf.design,ClinicalTrials,,,,,
CRM,ClinicalTrials,,,,,
crmPack,ClinicalTrials,,,,,
CRTSizeæ(core),ClinicalTrials,,,,,
dfcrmæ(core),ClinicalTrials,,,,,
dfped,ClinicalTrials,,,,,
dfpk,ClinicalTrials,,,,,
DoseFinding,ClinicalTrials,,,,,
epibasix,ClinicalTrials,,,,,
ewoc,ClinicalTrials,,,,,
experimentæ(core),ClinicalTrials,,,,,
FrF2,ClinicalTrials,,,,,
GroupSeqæ(core),ClinicalTrials,,,,,
gsbDesign,ClinicalTrials,,,,,
gsDesignæ(core),ClinicalTrials,,,,,
HH,ClinicalTrials,,,,,
Hmiscæ(core),ClinicalTrials,,,,,
InformativeCensoring,ClinicalTrials,,,,,
ldboundsæ(core),ClinicalTrials,,,,,
longpower,ClinicalTrials,,,,,
MChtestæ(core),ClinicalTrials,,,,,
MCPMod,ClinicalTrials,,,,,
Mediana,ClinicalTrials,,,,,
meta,ClinicalTrials,,,,,
metafor,ClinicalTrials,,,,,
metaLik,ClinicalTrials,,,,,
metasens,ClinicalTrials,,,,,
multcomp,ClinicalTrials,,,,,
nppbib,ClinicalTrials,,,,,
PIPSæ(core),ClinicalTrials,,,,,
PowerTOSTæ(core),ClinicalTrials,,,,,
pwræ(core),ClinicalTrials,,,,,
PwrGSDæ(core),ClinicalTrials,,,,,
qtlDesignæ(core),ClinicalTrials,,,,,
rmeta,ClinicalTrials,,,,,
samplesize,ClinicalTrials,,,,,
seqmonæ(core),ClinicalTrials,,,,,
speff2trialæ(core),ClinicalTrials,,,,,
ssanv,ClinicalTrials,,,,,
survivalæ(core),ClinicalTrials,,,,,
TEQRæ(core),ClinicalTrials,,,,,
ThreeArmedTrials,ClinicalTrials,,,,,
ThreeGroups,ClinicalTrials,,,,,
TrialSizeæ(core),ClinicalTrials,,,,,
AdMit,Cluster,,,,,
ADPclust,Cluster,,,,,
amap,Cluster,,,,,
apcluster,Cluster,,,,,
BayesLCA,Cluster,,,,,
bayesm,Cluster,,,,,
bayesmix,Cluster,,,,,
bclust,Cluster,,,,,
bgmm,Cluster,,,,,
biclust,Cluster,,,,,
Bmix,Cluster,,,,,
bmixture,Cluster,,,,,
cba,Cluster,,,,,
cclust,Cluster,,,,,
CEC,Cluster,,,,,
CHsharp,Cluster,,,,,
clue,Cluster,,,,,
clusteræ(core),Cluster,,,,,
clusterfly,Cluster,,,,,
clusterGeneration,Cluster,,,,,
clusterRepro,Cluster,,,,,
clusterSim,Cluster,,,,,
clustMixType,Cluster,,,,,
clustvarsel,Cluster,,,,,
clv,Cluster,,,,,
clValid,Cluster,,,,,
CoClust,Cluster,,,,,
compHclust,Cluster,,,,,
dbscan,Cluster,,,,,
dendextend,Cluster,,,,,
depmix,Cluster,,,,,
depmixS4,Cluster,,,,,
dpmixsim,Cluster,,,,,
dynamicTreeCut,Cluster,,,,,
e1071,Cluster,,,,,
edci,Cluster,,,,,
EMCluster,Cluster,,,,,
evclust,Cluster,,,,,
FactoClass,Cluster,,,,,
fastcluster,Cluster,,,,,
fclust,Cluster,,,,,
FisherEM,Cluster,,,,,
flashClust,Cluster,,,,,
flexclustæ(core),Cluster,,,,,
flexCWM,Cluster,,,,,
flexmixæ(core),Cluster,,,,,
fpc,Cluster,,,,,
FunCluster,Cluster,,,,,
funFEM,Cluster,,,,,
funHDDC,Cluster,,,,,
gamlss.mx,Cluster,,,,,
genie,Cluster,,,,,
GLDEX,Cluster,,,,,
GSM,Cluster,,,,,
HDclassif,Cluster,,,,,
hybridHclust,Cluster,,,,,
idendr0,Cluster,,,,,
isopam,Cluster,,,,,
kernlab,Cluster,,,,,
kml,Cluster,,,,,
largeVis,Cluster,,,,,
latentnet,Cluster,,,,,
lcmm,Cluster,,,,,
longclust,Cluster,,,,,
mcclust,Cluster,,,,,
mclustæ(core),Cluster,,,,,
MetabolAnalyze,Cluster,,,,,
mixAK,Cluster,,,,,
mixdist,Cluster,,,,,
mixPHM,Cluster,,,,,
mixRasch,Cluster,,,,,
mixreg,Cluster,,,,,
MixSim,Cluster,,,,,
mixsmsn,Cluster,,,,,
mixtools,Cluster,,,,,
mixture,Cluster,,,,,
MOCCA,Cluster,,,,,
movMF,Cluster,,,,,
mritc,Cluster,,,,,
NbClust,Cluster,,,,,
nor1mix,Cluster,,,,,
optpart,Cluster,,,,,
ORIClust,Cluster,,,,,
pdfCluster,Cluster,,,,,
pendensity,Cluster,,,,,
pgmm,Cluster,,,,,
pmclust,Cluster,,,,,
poLCA,Cluster,,,,,
prabclus,Cluster,,,,,
prcr,Cluster,,,,,
PReMiuM,Cluster,,,,,
profdpm,Cluster,,,,,
protoclust,Cluster,,,,,
psychomix,Cluster,,,,,
pvclust,Cluster,,,,,
randomLCA,Cluster,,,,,
rjags,Cluster,,,,,
Rmixmodæ(core),Cluster,,,,,
RPMM,Cluster,,,,,
seriation,Cluster,,,,,
sigclust,Cluster,,,,,
skmeans,Cluster,,,,,
som,Cluster,,,,,
sparcl,Cluster,,,,,
tclust,Cluster,,,,,
teigen,Cluster,,,,,
treeClust,Cluster,,,,,
trimcluster,Cluster,,,,,
wle,Cluster,,,,,
adaptivetau,Differential Equations,,,,,
bvpSolveæ(core),Differential Equations,,,,,
cOde,Differential Equations,,,,,
CollocInfer,Differential Equations,,,,,
deSolveæ(core),Differential Equations,,,,,
deTestSet,Differential Equations,,,,,
dMod,Differential Equations,,,,,
ecolMod,Differential Equations,,,,,
FME,Differential Equations,,,,,
GillespieSSA,Differential Equations,,,,,
mkin,Differential Equations,,,,,
nlmeODE,Differential Equations,,,,,
odeintr,Differential Equations,,,,,
PBSddesolve,Differential Equations,,,,,
PBSmodelling,Differential Equations,,,,,
phaseR,Differential Equations,,,,,
pomp,Differential Equations,,,,,
pracma,Differential Equations,,,,,
primer,Differential Equations,,,,,
QPot,Differential Equations,,,,,
ReacTran,Differential Equations,,,,,
rODE,Differential Equations,,,,,
rodeo,Differential Equations,,,,,
rootSolveæ(core),Differential Equations,,,,,
rpgm,Differential Equations,,,,,
scaRabee,Differential Equations,,,,,
sdeæ(core),Differential Equations,,,,,
Sim.DiffProc,Differential Equations,,,,,
simecol,Differential Equations,,,,,
actuaræ(core),Distributions,,,,,
AdMit,Distributions,,,,,
agricolae,Distributions,,,,,
ald,Distributions,,,,,
AtelieR,Distributions,,,,,
bayesm,Distributions,,,,,
benchden,Distributions,,,,,
BiasedUrn,Distributions,,,,,
BivarP,Distributions,,,,,
bmixture,Distributions,,,,,
bridgedist,Distributions,,,,,
CDVine,Distributions,,,,,
cmvnorm,Distributions,,,,,
coga,Distributions,,,,,
CompGLM,Distributions,,,,,
CompLognormal,Distributions,,,,,
compoisson,Distributions,,,,,
Compositional,Distributions,,,,,
Compounding,Distributions,,,,,
CompQuadForm,Distributions,,,,,
condMVNorm,Distributions,,,,,
copBasic,Distributions,,,,,
copulaæ(core),Distributions,,,,,
csn,Distributions,,,,,
Davies,Distributions,,,,,
degreenet,Distributions,,,,,
Delaporte,Distributions,,,,,
dirmult,Distributions,,,,,
disclap,Distributions,,,,,
DiscreteInverseWeibull,Distributions,,,,,
DiscreteLaplace,Distributions,,,,,
DiscreteWeibull,Distributions,,,,,
distcrete,Distributions,,,,,
distræ(core),Distributions,,,,,
distrDoc,Distributions,,,,,
distrEllipse,Distributions,,,,,
distrEx,Distributions,,,,,
DistributionUtils,Distributions,,,,,
distrMod,Distributions,,,,,
distrSim,Distributions,,,,,
distrTeach,Distributions,,,,,
distrTEst,Distributions,,,,,
dng,Distributions,,,,,
e1071,Distributions,,,,,
ecd,Distributions,,,,,
emdbook,Distributions,,,,,
emg,Distributions,,,,,
EnvStats,Distributions,,,,,
evd,Distributions,,,,,
evdbayes,Distributions,,,,,
evir,Distributions,,,,,
ExtDist,Distributions,,,,,
extraDistr,Distributions,,,,,
extremefit,Distributions,,,,,
FAdist,Distributions,,,,,
FatTailsR,Distributions,,,,,
fBasics,Distributions,,,,,
fCopulaeæ(core),Distributions,,,,,
fExtremes,Distributions,,,,,
fgac,Distributions,,,,,
fitdistrplus,Distributions,,,,,
fitteR,Distributions,,,,,
flexsurv,Distributions,,,,,
FMStable,Distributions,,,,,
fpow,Distributions,,,,,
frmqa,Distributions,,,,,
gambin,Distributions,,,,,
gamlss.distæ(core),Distributions,,,,,
gamlss.mx,Distributions,,,,,
gaussDiff,Distributions,,,,,
gb,Distributions,,,,,
GB2,Distributions,,,,,
GenBinomApps,Distributions,,,,,
GeneralizedHyperbolic,Distributions,,,,,
GenOrd,Distributions,,,,,
geoR,Distributions,,,,,
ghyp,Distributions,,,,,
GIGrvg,Distributions,,,,,
gld,Distributions,,,,,
GLDEX,Distributions,,,,,
glogis,Distributions,,,,,
GMD,Distributions,,,,,
GSM,Distributions,,,,,
gumbel,Distributions,,,,,
HAC,Distributions,,,,,
hermite,Distributions,,,,,
HI,Distributions,,,,,
HistogramTools,Distributions,,,,,
hyper2,Distributions,,,,,
HyperbolicDist,Distributions,,,,,
ihs,Distributions,,,,,
kernelboot,Distributions,,,,,
kolmim,Distributions,,,,,
KScorrect,Distributions,,,,,
LambertW,Distributions,,,,,
LaplacesDemon,Distributions,,,,,
LearnBayes,Distributions,,,,,
lhs,Distributions,,,,,
LIHNPSD,Distributions,,,,,
lmom,Distributions,,,,,
lmomcoæ(core),Distributions,,,,,
Lmoments,Distributions,,,,,
logitnorm,Distributions,,,,,
loglognorm,Distributions,,,,,
marg,Distributions,,,,,
MASS,Distributions,,,,,
mbbefd,Distributions,,,,,
mc2d,Distributions,,,,,
mclust,Distributions,,,,,
MCMCpack,Distributions,,,,,
mded,Distributions,,,,,
mgpd,Distributions,,,,,
minimax,Distributions,,,,,
MitISEM,Distributions,,,,,
MittagLeffleR,Distributions,,,,,
MixedTS,Distributions,,,,,
mixtools,Distributions,,,,,
MM,Distributions,,,,,
mnormpow,Distributions,,,,,
mnormtæ(core),Distributions,,,,,
modeest,Distributions,,,,,
moments,Distributions,,,,,
movMF,Distributions,,,,,
msm,Distributions,,,,,
mvprpb,Distributions,,,,,
mvrtn,Distributions,,,,,
mvtnormæ(core),Distributions,,,,,
nCDunnett,Distributions,,,,,
Newdistns,Distributions,,,,,
nor1mix,Distributions,,,,,
NormalGamma,Distributions,,,,,
NormalLaplace,Distributions,,,,,
normalp,Distributions,,,,,
npde,Distributions,,,,,
ORDER2PARENT,Distributions,,,,,
OrdNor,Distributions,,,,,
ParetoPosStable,Distributions,,,,,
PDQutils,Distributions,,,,,
PearsonDSæ(core),Distributions,,,,,
PhaseType,Distributions,,,,,
poibin,Distributions,,,,,
poilog,Distributions,,,,,
poistweedie,Distributions,,,,,
polyaAeppli,Distributions,,,,,
poweRlaw,Distributions,,,,,
qmap,Distributions,,,,,
QRM,Distributions,,,,,
randaes,Distributions,,,,,
random,Distributions,,,,,
randtoolbox,Distributions,,,,,
RDieHarder,Distributions,,,,,
ReIns,Distributions,,,,,
reliaRæ(core),Distributions,,,,,
Renext,Distributions,,,,,
retimes,Distributions,,,,,
revdbayes,Distributions,,,,,
rlecuyer,Distributions,,,,,
RMKdiscrete,Distributions,,,,,
RMTstat,Distributions,,,,,
rngwell19937,Distributions,,,,,
rpgm,Distributions,,,,,
rstream,Distributions,,,,,
RTDE,Distributions,,,,,
rtdists,Distributions,,,,,
Runuran,Distributions,,,,,
rust,Distributions,,,,,
s20x,Distributions,,,,,
sadists,Distributions,,,,,
SCI,Distributions,,,,,
setRNG,Distributions,,,,,
sfsmisc,Distributions,,,,,
sgt,Distributions,,,,,
skellam,Distributions,,,,,
SkewHyperbolic,Distributions,,,,,
skewt,Distributions,,,,,
sld,Distributions,,,,,
smoothmest,Distributions,,,,,
SMR,Distributions,,,,,
sn,Distributions,,,,,
sparseMVN,Distributions,,,,,
spd,Distributions,,,,,
stabledist,Distributions,,,,,
STAR,Distributions,,,,,
statmod,Distributions,,,,,
SuppDists,Distributions,,,,,
symmoments,Distributions,,,,,
tmvtnorm,Distributions,,,,,
tolerance,Distributions,,,,,
trapezoid,Distributions,,,,,
triangle,Distributions,,,,,
truncnorm,Distributions,,,,,
TSA,Distributions,,,,,
tsallisqexp,Distributions,,,,,
TTmoment,Distributions,,,,,
tweedie,Distributions,,,,,
VarianceGamma,Distributions,,,,,
VGAMæ(core),Distributions,,,,,
VineCopula,Distributions,,,,,
vines,Distributions,,,,,
zipfR,Distributions,,,,,
AERæ(core),Econmetrics,,,,,
aod,Econmetrics,,,,,
apt,Econmetrics,,,,,
bayesm,Econmetrics,,,,,
betareg,Econmetrics,,,,,
BMA,Econmetrics,,,,,
BMS,Econmetrics,,,,,
boot,Econmetrics,,,,,
bootstrap,Econmetrics,,,,,
brglm,Econmetrics,,,,,
CADFtest,Econmetrics,,,,,
caræ(core),Econmetrics,,,,,
CDNmoney,Econmetrics,,,,,
censReg,Econmetrics,,,,,
clubSandwich,Econmetrics,,,,,
clusterSEs,Econmetrics,,,,,
crch,Econmetrics,,,,,
decompr,Econmetrics,,,,,
dlsem,Econmetrics,,,,,
dynlm,Econmetrics,,,,,
Ecdat,Econmetrics,,,,,
effects,Econmetrics,,,,,
erer,Econmetrics,,,,,
expsmooth,Econmetrics,,,,,
ExtremeBounds,Econmetrics,,,,,
fma,Econmetrics,,,,,
forecastæ(core),Econmetrics,,,,,
frm,Econmetrics,,,,,
frontier,Econmetrics,,,,,
fxregime,Econmetrics,,,,,
gam,Econmetrics,,,,,
gamlss,Econmetrics,,,,,
geepack,Econmetrics,,,,,
gets,Econmetrics,,,,,
glmx,Econmetrics,,,,,
gmm,Econmetrics,,,,,
gmnl,Econmetrics,,,,,
gvc,Econmetrics,,,,,
Hmisc,Econmetrics,,,,,
ineq,Econmetrics,,,,,
intReg,Econmetrics,,,,,
ivbma,Econmetrics,,,,,
ivfixed,Econmetrics,,,,,
ivlewbel,Econmetrics,,,,,
ivpack,Econmetrics,,,,,
ivpanel,Econmetrics,,,,,
ivprobit,Econmetrics,,,,,
LARF,Econmetrics,,,,,
lavaan,Econmetrics,,,,,
lfe,Econmetrics,,,,,
LinRegInteractive,Econmetrics,,,,,
lme4,Econmetrics,,,,,
lmtestæ(core),Econmetrics,,,,,
margins,Econmetrics,,,,,
MASS,Econmetrics,,,,,
matchingMarkets,Econmetrics,,,,,
Matrix,Econmetrics,,,,,
Mcomp,Econmetrics,,,,,
meboot,Econmetrics,,,,,
mfx,Econmetrics,,,,,
mgcv,Econmetrics,,,,,
mhurdle,Econmetrics,,,,,
micEcon,Econmetrics,,,,,
micEconAids,Econmetrics,,,,,
micEconCES,Econmetrics,,,,,
micEconSNQP,Econmetrics,,,,,
midasr,Econmetrics,,,,,
mlogit,Econmetrics,,,,,
mnlogit,Econmetrics,,,,,
MNP,Econmetrics,,,,,
MSBVAR,Econmetrics,,,,,
multiwayvcov,Econmetrics,,,,,
mvProbit,Econmetrics,,,,,
nlme,Econmetrics,,,,,
nnet,Econmetrics,,,,,
nonnest2,Econmetrics,,,,,
np,Econmetrics,,,,,
ordinal,Econmetrics,,,,,
OrthoPanels,Econmetrics,,,,,
pampe,Econmetrics,,,,,
panelAR,Econmetrics,,,,,
Paneldata,Econmetrics,,,,,
PANICr,Econmetrics,,,,,
pco,Econmetrics,,,,,
pcse,Econmetrics,,,,,
pder,Econmetrics,,,,,
pdR,Econmetrics,,,,,
pglm,Econmetrics,,,,,
phtt,Econmetrics,,,,,
plmæ(core),Econmetrics,,,,,
pscl,Econmetrics,,,,,
psidR,Econmetrics,,,,,
pwt,Econmetrics,,,,,
pwt8,Econmetrics,,,,,
pwt9,Econmetrics,,,,,
quantreg,Econmetrics,,,,,
Rchoice,Econmetrics,,,,,
rdd,Econmetrics,,,,,
rddapp,Econmetrics,,,,,
rddtools,Econmetrics,,,,,
rdlocrand,Econmetrics,,,,,
rdrobust,Econmetrics,,,,,
reldist,Econmetrics,,,,,
REndo,Econmetrics,,,,,
rms,Econmetrics,,,,,
RSGHB,Econmetrics,,,,,
rUnemploymentData,Econmetrics,,,,,
sampleSelection,Econmetrics,,,,,
sandwichæ(core),Econmetrics,,,,,
segmented,Econmetrics,,,,,
sem,Econmetrics,,,,,
SemiParSampleSel,Econmetrics,,,,,
semsfa,Econmetrics,,,,,
sfa,Econmetrics,,,,,
simpleboot,Econmetrics,,,,,
SparseM,Econmetrics,,,,,
spatialprobit,Econmetrics,,,,,
spdep,Econmetrics,,,,,
spfrontier,Econmetrics,,,,,
sphet,Econmetrics,,,,,
splm,Econmetrics,,,,,
ssfa,Econmetrics,,,,,
strucchange,Econmetrics,,,,,
survival,Econmetrics,,,,,
systemfit,Econmetrics,,,,,
truncreg,Econmetrics,,,,,
tsDyn,Econmetrics,,,,,
tseriesæ(core),Econmetrics,,,,,
tsfa,Econmetrics,,,,,
urcaæ(core),Econmetrics,,,,,
vars,Econmetrics,,,,,
VGAM,Econmetrics,,,,,
wahc,Econmetrics,,,,,
wbstats,Econmetrics,,,,,
wooldridge,Econmetrics,,,,,
xts,Econmetrics,,,,,
Zelig,Econmetrics,,,,,
zooæ(core),Econmetrics,,,,,
zTree,Econmetrics,,,,,
ade4æ(core),Environmetrics,,,,,
adehabitat,Environmetrics,,,,,
amap,Environmetrics,,,,,
analogue,Environmetrics,,,,,
aod,Environmetrics,,,,,
ape,Environmetrics,,,,,
aqp,Environmetrics,,,,,
BiodiversityR,Environmetrics,,,,,
boussinesq,Environmetrics,,,,,
bReeze,Environmetrics,,,,,
CircStats,Environmetrics,,,,,
circular,Environmetrics,,,,,
clusteræ(core),Environmetrics,,,,,
cocorresp,Environmetrics,,,,,
Distance,Environmetrics,,,,,
diveMove,Environmetrics,,,,,
dse,Environmetrics,,,,,
dsm,Environmetrics,,,,,
DSpat,Environmetrics,,,,,
dyn,Environmetrics,,,,,
dynatopmodel,Environmetrics,,,,,
dynlm,Environmetrics,,,,,
e1071,Environmetrics,,,,,
earth,Environmetrics,,,,,
eco,Environmetrics,,,,,
ecodist,Environmetrics,,,,,
EcoHydRology,Environmetrics,,,,,
EnvStats,Environmetrics,,,,,
equivalence,Environmetrics,,,,,
evd,Environmetrics,,,,,
evdbayes,Environmetrics,,,,,
evir,Environmetrics,,,,,
extRemes,Environmetrics,,,,,
fast,Environmetrics,,,,,
FD,Environmetrics,,,,,
flexmix,Environmetrics,,,,,
forecast,Environmetrics,,,,,
fso,Environmetrics,,,,,
gam,Environmetrics,,,,,
gamair,Environmetrics,,,,,
hydroGOF,Environmetrics,,,,,
HydroMe,Environmetrics,,,,,
hydroPSO,Environmetrics,,,,,
hydroTSM,Environmetrics,,,,,
Interpol.T,Environmetrics,,,,,
ipred,Environmetrics,,,,,
ismev,Environmetrics,,,,,
labdsvæ(core),Environmetrics,,,,,
latticeDensity,Environmetrics,,,,,
lme4,Environmetrics,,,,,
maptree,Environmetrics,,,,,
marked,Environmetrics,,,,,
MASSæ(core),Environmetrics,,,,,
mclust,Environmetrics,,,,,
mda,Environmetrics,,,,,
mefa,Environmetrics,,,,,
metacom,Environmetrics,,,,,
mgcvæ(core),Environmetrics,,,,,
mrds,Environmetrics,,,,,
nlme,Environmetrics,,,,,
nsRFA,Environmetrics,,,,,
oce,Environmetrics,,,,,
openair,Environmetrics,,,,,
ouch,Environmetrics,,,,,
party,Environmetrics,,,,,
pastecs,Environmetrics,,,,,
pgirmess,Environmetrics,,,,,
popbio,Environmetrics,,,,,
prabclus,Environmetrics,,,,,
primer,Environmetrics,,,,,
pscl,Environmetrics,,,,,
pvclust,Environmetrics,,,,,
qualV,Environmetrics,,,,,
quantreg,Environmetrics,,,,,
quantregGrowth,Environmetrics,,,,,
randomForest,Environmetrics,,,,,
Rcapture,Environmetrics,,,,,
rioja,Environmetrics,,,,,
RMark,Environmetrics,,,,,
RMAWGEN,Environmetrics,,,,,
rpart,Environmetrics,,,,,
rtop,Environmetrics,,,,,
seacarb,Environmetrics,,,,,
seas,Environmetrics,,,,,
secr,Environmetrics,,,,,
segmented,Environmetrics,,,,,
sensitivity,Environmetrics,,,,,
simba,Environmetrics,,,,,
simecol,Environmetrics,,,,,
siplab,Environmetrics,,,,,
soiltexture,Environmetrics,,,,,
SPACECAP,Environmetrics,,,,,
SpatialExtremes,Environmetrics,,,,,
StreamMetabolism,Environmetrics,,,,,
strucchange,Environmetrics,,,,,
surveillance,Environmetrics,,,,,
tiger,Environmetrics,,,,,
topmodel,Environmetrics,,,,,
tseries,Environmetrics,,,,,
unmarked,Environmetrics,,,,,
untb,Environmetrics,,,,,
veganæ(core),Environmetrics,,,,,
vegetarian,Environmetrics,,,,,
VGAM,Environmetrics,,,,,
wasim,Environmetrics,,,,,
zoo,Environmetrics,,,,,
acebayes,ExperimentalDesign,,,,,
agricolaeæ(core),ExperimentalDesign,,,,,
agridat,ExperimentalDesign,,,,,
AlgDesignæ(core),ExperimentalDesign,,,,,
ALTopt,ExperimentalDesign,,,,,
asd,ExperimentalDesign,,,,,
BatchExperiments,ExperimentalDesign,,,,,
BayesMAMS,ExperimentalDesign,,,,,
bcrm,ExperimentalDesign,,,,,
BHH2,ExperimentalDesign,,,,,
binseqtest,ExperimentalDesign,,,,,
bioOED,ExperimentalDesign,,,,,
blocksdesign,ExperimentalDesign,,,,,
blockTools,ExperimentalDesign,,,,,
BOIN,ExperimentalDesign,,,,,
BsMD,ExperimentalDesign,,,,,
choiceDes,ExperimentalDesign,,,,,
CombinS,ExperimentalDesign,,,,,
conf.designæ(core),ExperimentalDesign,,,,,
crmPack,ExperimentalDesign,,,,,
crossdesæ(core),ExperimentalDesign,,,,,
Crossover,ExperimentalDesign,,,,,
dae,ExperimentalDesign,,,,,
daewr,ExperimentalDesign,,,,,
designGG,ExperimentalDesign,,,,,
designGLMM,ExperimentalDesign,,,,,
designmatch,ExperimentalDesign,,,,,
desirability,ExperimentalDesign,,,,,
desplot,ExperimentalDesign,,,,,
dfcomb,ExperimentalDesign,,,,,
dfcrm,ExperimentalDesign,,,,,
dfmta,ExperimentalDesign,,,,,
dfpk,ExperimentalDesign,,,,,
DiceDesign,ExperimentalDesign,,,,,
DiceEval,ExperimentalDesign,,,,,
DiceKriging,ExperimentalDesign,,,,,
docopulae,ExperimentalDesign,,,,,
DoE.baseæ(core),ExperimentalDesign,,,,,
DoE.MIParray,ExperimentalDesign,,,,,
DoE.wrapperæ(core),ExperimentalDesign,,,,,
DoseFinding,ExperimentalDesign,,,,,
dynaTree,ExperimentalDesign,,,,,
easypower,ExperimentalDesign,,,,,
edesign,ExperimentalDesign,,,,,
EngrExpt,ExperimentalDesign,,,,,
experiment,ExperimentalDesign,,,,,
ez,ExperimentalDesign,,,,,
FMC,ExperimentalDesign,,,,,
FrF2æ(core),ExperimentalDesign,,,,,
FrF2.catlg128,ExperimentalDesign,,,,,
GAD,ExperimentalDesign,,,,,
geospt,ExperimentalDesign,,,,,
granova,ExperimentalDesign,,,,,
GroupSeq,ExperimentalDesign,,,,,
gsbDesign,ExperimentalDesign,,,,,
gsDesign,ExperimentalDesign,,,,,
gset,ExperimentalDesign,,,,,
hiPOD,ExperimentalDesign,,,,,
ibd,ExperimentalDesign,,,,,
ICAOD,ExperimentalDesign,,,,,
idefix,ExperimentalDesign,,,,,
JMdesign,ExperimentalDesign,,,,,
LDOD,ExperimentalDesign,,,,,
lhs,ExperimentalDesign,,,,,
MAMS,ExperimentalDesign,,,,,
MaxPro,ExperimentalDesign,,,,,
MBHdesign,ExperimentalDesign,,,,,
minimalRSD,ExperimentalDesign,,,,,
minimaxdesign,ExperimentalDesign,,,,,
mixexp,ExperimentalDesign,,,,,
mkssd,ExperimentalDesign,,,,,
mxkssd,ExperimentalDesign,,,,,
OBsMD,ExperimentalDesign,,,,,
odr,ExperimentalDesign,,,,,
OPDOE,ExperimentalDesign,,,,,
optbdmaeAT,ExperimentalDesign,,,,,
optDesignSlopeInt,ExperimentalDesign,,,,,
OptGS,ExperimentalDesign,,,,,
OptimalDesign,ExperimentalDesign,,,,,
OptimaRegion,ExperimentalDesign,,,,,
OptInterim,ExperimentalDesign,,,,,
optrcdmaeAT,ExperimentalDesign,,,,,
osDesign,ExperimentalDesign,,,,,
PBIBD,ExperimentalDesign,,,,,
PGM2,ExperimentalDesign,,,,,
ph2bayes,ExperimentalDesign,,,,,
ph2bye,ExperimentalDesign,,,,,
pid,ExperimentalDesign,,,,,
pipe.design,ExperimentalDesign,,,,,
planoræ(core),ExperimentalDesign,,,,,
plgp,ExperimentalDesign,,,,,
PopED,ExperimentalDesign,,,,,
powerAnalysis,ExperimentalDesign,,,,,
powerbydesign,ExperimentalDesign,,,,,
powerGWASinteraction,ExperimentalDesign,,,,,
PwrGSD,ExperimentalDesign,,,,,
qtlDesign,ExperimentalDesign,,,,,
qualityTools,ExperimentalDesign,,,,,
RcmdrPlugin.DoE,ExperimentalDesign,,,,,
rodd,ExperimentalDesign,,,,,
RPPairwiseDesign,ExperimentalDesign,,,,,
rsmæ(core),ExperimentalDesign,,,,,
rsurface,ExperimentalDesign,,,,,
SensoMineR,ExperimentalDesign,,,,,
seqDesign,ExperimentalDesign,,,,,
sFFLHD,ExperimentalDesign,,,,,
simrel,ExperimentalDesign,,,,,
skpræ(core),ExperimentalDesign,,,,,
SLHD,ExperimentalDesign,,,,,
soptdmaeA,ExperimentalDesign,,,,,
sp23design,ExperimentalDesign,,,,,
ssize.fdr,ExperimentalDesign,,,,,
ssizeRNA,ExperimentalDesign,,,,,
support.CEs,ExperimentalDesign,,,,,
TEQR,ExperimentalDesign,,,,,
tgp,ExperimentalDesign,,,,,
ThreeArmedTrials,ExperimentalDesign,,,,,
toxtestD,ExperimentalDesign,,,,,
unrepx,ExperimentalDesign,,,,,
vdg,ExperimentalDesign,,,,,
Vdgraph,ExperimentalDesign,,,,,
VdgRsm,ExperimentalDesign,,,,,
VNM,ExperimentalDesign,,,,,
copula,ExtremeValue,,,,,
evdæ(core),ExtremeValue,,,,,
evdbayes,ExtremeValue,,,,,
eviræ(core),ExtremeValue,,,,,
extremefit,ExtremeValue,,,,,
extRemes,ExtremeValue,,,,,
extremeStat,ExtremeValue,,,,,
fExtremes,ExtremeValue,,,,,
ismev,ExtremeValue,,,,,
lmom,ExtremeValue,,,,,
lmomco,ExtremeValue,,,,,
lmomRFA,ExtremeValue,,,,,
mev,ExtremeValue,,,,,
POT,ExtremeValue,,,,,
QRM,ExtremeValue,,,,,
ReIns,ExtremeValue,,,,,
Renext,ExtremeValue,,,,,
revdbayes,ExtremeValue,,,,,
RTDE,ExtremeValue,,,,,
SpatialExtremes,ExtremeValue,,,,,
texmex,ExtremeValue,,,,,
threshr,ExtremeValue,,,,,
VGAM,ExtremeValue,,,,,
actuar,Finance,,,,,
AmericanCallOpt,Finance,,,,,
backtest,Finance,,,,,
bayesGARCH,Finance,,,,,
BCC1997,Finance,,,,,
BenfordTests,Finance,,,,,
betategarch,Finance,,,,,
bizdays,Finance,,,,,
BLModel,Finance,,,,,
BurStFin,Finance,,,,,
BurStMisc,Finance,,,,,
CADFtest,Finance,,,,,
car,Finance,,,,,
ccgarch,Finance,,,,,
ChainLadder,Finance,,,,,
copula,Finance,,,,,
covmat,Finance,,,,,
CreditMetrics,Finance,,,,,
credule,Finance,,,,,
crp.CSFP,Finance,,,,,
data.table,Finance,,,,,
derivmkts,Finance,,,,,
dlm,Finance,,,,,
Dowd,Finance,,,,,
dse,Finance,,,,,
dyn,Finance,,,,,
dynlm,Finance,,,,,
ESG,Finance,,,,,
factorstochvol,Finance,,,,,
fame,Finance,,,,,
fAssetsæ(core),Finance,,,,,
FatTailsR,Finance,,,,,
fBasicsæ(core),Finance,,,,,
fBondsæ(core),Finance,,,,,
fCopulaeæ(core),Finance,,,,,
fExoticOptionsæ(core),Finance,,,,,
fExtremesæ(core),Finance,,,,,
fgac,Finance,,,,,
fGarchæ(core),Finance,,,,,
fImportæ(core),Finance,,,,,
financial,Finance,,,,,
FinancialMath,Finance,,,,,
FinAsym,Finance,,,,,
finreportr,Finance,,,,,
fmdates,Finance,,,,,
fMultivaræ(core),Finance,,,,,
fNonlinearæ(core),Finance,,,,,
fOptionsæ(core),Finance,,,,,
forecast,Finance,,,,,
fPortfolioæ(core),Finance,,,,,
fracdiff,Finance,,,,,
fractal,Finance,,,,,
FRAPO,Finance,,,,,
fRegressionæ(core),Finance,,,,,
frmqa,Finance,,,,,
fTradingæ(core),Finance,,,,,
GCPM,Finance,,,,,
GetHFData,Finance,,,,,
gets,Finance,,,,,
GetTDData,Finance,,,,,
GEVStableGarch,Finance,,,,,
ghyp,Finance,,,,,
gmm,Finance,,,,,
gogarch,Finance,,,,,
GUIDE,Finance,,,,,
highfrequency,Finance,,,,,
IBrokers,Finance,,,,,
InfoTrad,Finance,,,,,
lgarch,Finance,,,,,
lifecontingencies,Finance,,,,,
lmtest,Finance,,,,,
longmemo,Finance,,,,,
LSMonteCarlo,Finance,,,,,
maRketSim,Finance,,,,,
markovchain,Finance,,,,,
MarkowitzR,Finance,,,,,
matchingMarkets,Finance,,,,,
MSBVAR,Finance,,,,,
MSGARCH,Finance,,,,,
mvtnorm,Finance,,,,,
NetworkRiskMeasures,Finance,,,,,
nlme,Finance,,,,,
NMOF,Finance,,,,,
obAnalytics,Finance,,,,,
OptHedging,Finance,,,,,
OptionPricing,Finance,,,,,
pa,Finance,,,,,
parma,Finance,,,,,
pbo,Finance,,,,,
PerformanceAnalyticsæ(core),Finance,,,,,
pinbasic,Finance,,,,,
portfolio,Finance,,,,,
PortfolioEffectHFT,Finance,,,,,
PortfolioOptim,Finance,,,,,
portfolioSim,Finance,,,,,
PortRisk,Finance,,,,,
quantmod,Finance,,,,,
QuantTools,Finance,,,,,
ragtop,Finance,,,,,
Rbitcoin,Finance,,,,,
Rblpapi,Finance,,,,,
Rcmdr,Finance,,,,,
RcppQuantuccia,Finance,,,,,
restimizeapi,Finance,,,,,
Risk,Finance,,,,,
RiskPortfolios,Finance,,,,,
riskSimul,Finance,,,,,
rmgarch,Finance,,,,,
RND,Finance,,,,,
rpatrec,Finance,,,,,
rpgm,Finance,,,,,
RQuantLib,Finance,,,,,
rugarchæ(core),Finance,,,,,
rwt,Finance,,,,,
sandwich,Finance,,,,,
sde,Finance,,,,,
SharpeR,Finance,,,,,
sharpeRratio,Finance,,,,,
Sim.DiffProc,Finance,,,,,
SmithWilsonYieldCurve,Finance,,,,,
stochvol,Finance,,,,,
strucchange,Finance,,,,,
TAQMNGR,Finance,,,,,
tawny,Finance,,,,,
termstrc,Finance,,,,,
TFX,Finance,,,,,
tidyquant,Finance,,,,,
timeDateæ(core),Finance,,,,,
timeSeriesæ(core),Finance,,,,,
timsac,Finance,,,,,
tis,Finance,,,,,
TSdbi,Finance,,,,,
tsDyn,Finance,,,,,
tseriesæ(core),Finance,,,,,
tseriesChaos,Finance,,,,,
tsfa,Finance,,,,,
TTR,Finance,,,,,
tvm,Finance,,,,,
urcaæ(core),Finance,,,,,
vars,Finance,,,,,
VarSwapPrice,Finance,,,,,
vrtest,Finance,,,,,
wavelets,Finance,,,,,
waveslim,Finance,,,,,
wavethresh,Finance,,,,,
XBRL,Finance,,,,,
xtsæ(core),Finance,,,,,
ycinterextra,Finance,,,,,
YieldCurve,Finance,,,,,
Zelig,Finance,,,,,
zooæ(core),Finance,,,,,
classiFunc,FunctionalData,,,,,
covsep,FunctionalData,,,,,
dbstats,FunctionalData,,,,,
denseFLMM,FunctionalData,,,,,
fdaæ(core),FunctionalData,,,,,
fda.uscæ(core),FunctionalData,,,,,
fdadensity,FunctionalData,,,,,
fdakma,FunctionalData,,,,,
fdapaceæ(core),FunctionalData,,,,,
fdaPDE,FunctionalData,,,,,
fdasrvfæ(core),FunctionalData,,,,,
fdatest,FunctionalData,,,,,
FDboostæ(core),FunctionalData,,,,,
fdcov,FunctionalData,,,,,
fds,FunctionalData,,,,,
flars,FunctionalData,,,,,
fpca,FunctionalData,,,,,
freqdom,FunctionalData,,,,,
freqdom.fda,FunctionalData,,,,,
ftsaæ(core),FunctionalData,,,,,
ftsspec,FunctionalData,,,,,
Funclustering,FunctionalData,,,,,
funcyæ(core),FunctionalData,,,,,
funData,FunctionalData,,,,,
funFEM,FunctionalData,,,,,
funHDDC,FunctionalData,,,,,
geofd,FunctionalData,,,,,
GPFDA,FunctionalData,,,,,
growfunctions,FunctionalData,,,,,
MFPCA,FunctionalData,,,,,
pcdpca,FunctionalData,,,,,
rainbow,FunctionalData,,,,,
refundæ(core),FunctionalData,,,,,
refund.shiny,FunctionalData,,,,,
refund.wave,FunctionalData,,,,,
RFgroove,FunctionalData,,,,,
roahd,FunctionalData,,,,,
sparseFLMM,FunctionalData,,,,,
switchnpreg,FunctionalData,,,,,
warpMix,FunctionalData,,,,,
adegenet,Genetics,,,,,
ape,Genetics,,,,,
Biodem,Genetics,,,,,
bqtl,Genetics,,,,,
dlmap,Genetics,,,,,
gapæ(core),Genetics,,,,,
GenABEL,Genetics,,,,,
geneticsæ(core),Genetics,,,,,
hapassoc,Genetics,,,,,
haplo.ccs,Genetics,,,,,
haplo.statsæ(core),Genetics,,,,,
HardyWeinberg,Genetics,,,,,
hierfstat,Genetics,,,,,
hwde,Genetics,,,,,
ibdreg,Genetics,,,,,
LDheatmap,Genetics,,,,,
luca,Genetics,,,,,
ouch,Genetics,,,,,
pbatR,Genetics,,,,,
phangorn,Genetics,,,,,
qtl,Genetics,,,,,
rmetasim,Genetics,,,,,
seqinr,Genetics,,,,,
snp.plotter,Genetics,,,,,
SNPmaxsel,Genetics,,,,,
stepwise,Genetics,,,,,
tdthap,Genetics,,,,,
untb,Genetics,,,,,
wgaim,Genetics,,,,,
ade4,Graphics,,,,,
animation,Graphics,,,,,
ape,Graphics,,,,,
aplpack,Graphics,,,,,
ash,Graphics,,,,,
biclust,Graphics,,,,,
Cairo,Graphics,,,,,
cairoDevice,Graphics,,,,,
cba,Graphics,,,,,
colorspace,Graphics,,,,,
diagram,Graphics,,,,,
dichromat,Graphics,,,,,
gclus,Graphics,,,,,
ggplot2æ(core),Graphics,,,,,
gplots,Graphics,,,,,
gridBase,Graphics,,,,,
hexbin,Graphics,,,,,
IDPmisc,Graphics,,,,,
igraph,Graphics,,,,,
iplots,Graphics,,,,,
JavaGD,Graphics,,,,,
klaR,Graphics,,,,,
latticeæ(core),Graphics,,,,,
latticeExtra,Graphics,,,,,
misc3d,Graphics,,,,,
onion,Graphics,,,,,
playwith,Graphics,,,,,
plotrixæ(core),Graphics,,,,,
RColorBreweræ(core),Graphics,,,,,
rggobi,Graphics,,,,,
rglæ(core),Graphics,,,,,
RGraphics,Graphics,,,,,
RGtk2,Graphics,,,,,
RSvgDevice,Graphics,,,,,
RSVGTipsDevice,Graphics,,,,,
scagnostics,Graphics,,,,,
scatterplot3d,Graphics,,,,,
seriation,Graphics,,,,,
tkrplot,Graphics,,,,,
vcdæ(core),Graphics,,,,,
vioplot,Graphics,,,,,
xgobi,Graphics,,,,,
aprof,HPC,,,,,
batch,HPC,,,,,
BatchExperiments,HPC,,,,,
BatchJobs,HPC,,,,,
batchtools,HPC,,,,,
bayesm,HPC,,,,,
bcp,HPC,,,,,
biglars,HPC,,,,,
biglm,HPC,,,,,
bigmemory,HPC,,,,,
bnlearn,HPC,,,,,
caret,HPC,,,,,
clustermq,HPC,,,,,
cudaBayesreg,HPC,,,,,
data.table,HPC,,,,,
dclone,HPC,,,,,
doFuture,HPC,,,,,
doMC,HPC,,,,,
doMPI,HPC,,,,,
doRedis,HPC,,,,,
doRNG,HPC,,,,,
doSNOW,HPC,,,,,
drake,HPC,,,,,
ff,HPC,,,,,
ffbase,HPC,,,,,
flowr,HPC,,,,,
foreach,HPC,,,,,
future,HPC,,,,,
future.BatchJobs,HPC,,,,,
GAMBoost,HPC,,,,,
gcbd,HPC,,,,,
gpuR,HPC,,,,,
GUIProfiler,HPC,,,,,
h2o,HPC,,,,,
HadoopStreaming,HPC,,,,,
harvestr,HPC,,,,,
HistogramTools,HPC,,,,,
inline,HPC,,,,,
keras,HPC,,,,,
LaF,HPC,,,,,
latentnet,HPC,,,,,
lga,HPC,,,,,
Matching,HPC,,,,,
MonetDB.R,HPC,,,,,
nws,HPC,,,,,
OpenCL,HPC,,,,,
orloca,HPC,,,,,
parSim,HPC,,,,,
partDSA,HPC,,,,,
pbapply,HPC,,,,,
pbdBASE,HPC,,,,,
pbdDEMO,HPC,,,,,
pbdDMAT,HPC,,,,,
pbdMPI,HPC,,,,,
pbdNCDF4,HPC,,,,,
pbdPROF,HPC,,,,,
pbdSLAP,HPC,,,,,
peperr,HPC,,,,,
permGPU,HPC,,,,,
pls,HPC,,,,,
pmclust,HPC,,,,,
profr,HPC,,,,,
proftools,HPC,,,,,
pvclust,HPC,,,,,
randomForestSRC,HPC,,,,,
Rborist,HPC,,,,,
Rcpp,HPC,,,,,
RcppParallel,HPC,,,,,
Rdsm,HPC,,,,,
reticulate,HPC,,,,,
rgenoud,HPC,,,,,
Rhpc,HPC,,,,,
RhpcBLASctl,HPC,,,,,
RInside,HPC,,,,,
rJava,HPC,,,,,
rlecuyer,HPC,,,,,
Rmpiæ(core),HPC,,,,,
RProtoBuf,HPC,,,,,
rredis,HPC,,,,,
rslurm,HPC,,,,,
Sim.DiffProc,HPC,,,,,
snowæ(core),HPC,,,,,
snowfall,HPC,,,,,
snowFT,HPC,,,,,
speedglm,HPC,,,,,
sqldf,HPC,,,,,
STAR,HPC,,,,,
tensorflow,HPC,,,,,
tfestimators,HPC,,,,,
tm,HPC,,,,,
toaster,HPC,,,,,
varSelRF,HPC,,,,,
xgboost,HPC,,,,,
ahaz,MachineLearning,,,,,
arules,MachineLearning,,,,,
BART,MachineLearning,,,,,
bartMachine,MachineLearning,,,,,
BayesTree,MachineLearning,,,,,
biglasso,MachineLearning,,,,,
bigRR,MachineLearning,,,,,
bmrm,MachineLearning,,,,,
Boruta,MachineLearning,,,,,
bst,MachineLearning,,,,,
C50,MachineLearning,,,,,
caret,MachineLearning,,,,,
CORElearn,MachineLearning,,,,,
CoxBoost,MachineLearning,,,,,
Cubist,MachineLearning,,,,,
darch,MachineLearning,,,,,
dbarts,MachineLearning,,,,,
deepnet,MachineLearning,,,,,
e1071æ(core),MachineLearning,,,,,
earth,MachineLearning,,,,,
effects,MachineLearning,,,,,
elasticnet,MachineLearning,,,,,
ElemStatLearn,MachineLearning,,,,,
evclass,MachineLearning,,,,,
evtree,MachineLearning,,,,,
FCNN4R,MachineLearning,,,,,
frbs,MachineLearning,,,,,
GAMBoost,MachineLearning,,,,,
gamboostLSS,MachineLearning,,,,,
gbmæ(core),MachineLearning,,,,,
ggRandomForests,MachineLearning,,,,,
glmnet,MachineLearning,,,,,
glmpath,MachineLearning,,,,,
GMMBoost,MachineLearning,,,,,
gradDescent,MachineLearning,,,,,
grf,MachineLearning,,,,,
grplasso,MachineLearning,,,,,
grpreg,MachineLearning,,,,,
h2o,MachineLearning,,,,,
hda,MachineLearning,,,,,
hdi,MachineLearning,,,,,
hdm,MachineLearning,,,,,
ICEbox,MachineLearning,,,,,
ipred,MachineLearning,,,,,
kernlabæ(core),MachineLearning,,,,,
klaR,MachineLearning,,,,,
lars,MachineLearning,,,,,
lasso2,MachineLearning,,,,,
LiblineaR,MachineLearning,,,,,
LogicForest,MachineLearning,,,,,
LogicReg,MachineLearning,,,,,
LTRCtrees,MachineLearning,,,,,
maptree,MachineLearning,,,,,
mboostæ(core),MachineLearning,,,,,
mlr,MachineLearning,,,,,
model4you,MachineLearning,,,,,
MXM,MachineLearning,,,,,
ncvreg,MachineLearning,,,,,
nnetæ(core),MachineLearning,,,,,
OneR,MachineLearning,,,,,
opusminer,MachineLearning,,,,,
pamr,MachineLearning,,,,,
party,MachineLearning,,,,,
partykit,MachineLearning,,,,,
pdp,MachineLearning,,,,,
penalized,MachineLearning,,,,,
penalizedLDA,MachineLearning,,,,,
penalizedSVM,MachineLearning,,,,,
plotmo,MachineLearning,,,,,
quantregForest,MachineLearning,,,,,
randomForestæ(core),MachineLearning,,,,,
randomForestSRC,MachineLearning,,,,,
ranger,MachineLearning,,,,,
rattle,MachineLearning,,,,,
Rborist,MachineLearning,,,,,
RcppDL,MachineLearning,,,,,
rda,MachineLearning,,,,,
rdetools,MachineLearning,,,,,
REEMtree,MachineLearning,,,,,
relaxo,MachineLearning,,,,,
rgenoud,MachineLearning,,,,,
RLT,MachineLearning,,,,,
Rmalschains,MachineLearning,,,,,
rminer,MachineLearning,,,,,
rnn,MachineLearning,,,,,
ROCR,MachineLearning,,,,,
RoughSets,MachineLearning,,,,,
rpartæ(core),MachineLearning,,,,,
RPMM,MachineLearning,,,,,
RSNNS,MachineLearning,,,,,
RWeka,MachineLearning,,,,,
RXshrink,MachineLearning,,,,,
sda,MachineLearning,,,,,
SIS,MachineLearning,,,,,
spa,MachineLearning,,,,,
stabs,MachineLearning,,,,,
SuperLearner,MachineLearning,,,,,
svmpath,MachineLearning,,,,,
tensorflow,MachineLearning,,,,,
tgp,MachineLearning,,,,,
tree,MachineLearning,,,,,
trtf,MachineLearning,,,,,
varSelRF,MachineLearning,,,,,
vcrpart,MachineLearning,,,,,
wsrf,MachineLearning,,,,,
xgboost,MachineLearning,,,,,
adaptsmoFMRI,MedicalImaging,,,,,
adimproæ(core),MedicalImaging,,,,,
AnalyzeFMRIæ(core),MedicalImaging,,,,,
arf3DS4æ(core),MedicalImaging,,,,,
bayesImageS,MedicalImaging,,,,,
bayesm,MedicalImaging,,,,,
brainR,MedicalImaging,,,,,
brainwaver,MedicalImaging,,,,,
cudaBayesreg,MedicalImaging,,,,,
DATforDCEMRIæ(core),MedicalImaging,,,,,
dcemriS4æ(core),MedicalImaging,,,,,
divestæ(core),MedicalImaging,,,,,
dpmixsimæ(core),MedicalImaging,,,,,
dtiæ(core),MedicalImaging,,,,,
edfReaderæ(core),MedicalImaging,,,,,
eegkitæ(core),MedicalImaging,,,,,
fmriæ(core),MedicalImaging,,,,,
fslr,MedicalImaging,,,,,
gdimapæ(core),MedicalImaging,,,,,
mmandæ(core),MedicalImaging,,,,,
Morphoæ(core),MedicalImaging,,,,,
mritcæ(core),MedicalImaging,,,,,
neuroimæ(core),MedicalImaging,,,,,
neuRosimæ(core),MedicalImaging,,,,,
occæ(core),MedicalImaging,,,,,
oro.dicomæ(core),MedicalImaging,,,,,
oro.niftiæ(core),MedicalImaging,,,,,
PET,MedicalImaging,,,,,
PTAk,MedicalImaging,,,,,
RNiftiæ(core),MedicalImaging,,,,,
RNiftyRegæ(core),MedicalImaging,,,,,
Rvcgæ(core),MedicalImaging,,,,,
tractor.baseæ(core),MedicalImaging,,,,,
waveslim,MedicalImaging,,,,,
altmeta,MetaAnalysis,,,,,
bamdit,MetaAnalysis,,,,,
bayesmeta,MetaAnalysis,,,,,
bmeta,MetaAnalysis,,,,,
bspmma,MetaAnalysis,,,,,
CAMAN,MetaAnalysis,,,,,
CIAAWconsensus,MetaAnalysis,,,,,
clubSandwich,MetaAnalysis,,,,,
compute.es,MetaAnalysis,,,,,
ConfoundedMeta,MetaAnalysis,,,,,
CopulaREMADA,MetaAnalysis,,,,,
CPBayes,MetaAnalysis,,,,,
CRTSize,MetaAnalysis,,,,,
dosresmeta,MetaAnalysis,,,,,
EasyStrata,MetaAnalysis,,,,,
ecoreg,MetaAnalysis,,,,,
effsize,MetaAnalysis,,,,,
epiR,MetaAnalysis,,,,,
esc,MetaAnalysis,,,,,
etma,MetaAnalysis,,,,,
exactmeta,MetaAnalysis,,,,,
extfunnel,MetaAnalysis,,,,,
forestmodel,MetaAnalysis,,,,,
forestplot,MetaAnalysis,,,,,
gap,MetaAnalysis,,,,,
gemtc,MetaAnalysis,,,,,
getmstatistic,MetaAnalysis,,,,,
gmeta,MetaAnalysis,,,,,
hetmeta,MetaAnalysis,,,,,
ipdmeta,MetaAnalysis,,,,,
joint.Cox,MetaAnalysis,,,,,
MAc,MetaAnalysis,,,,,
MAd,MetaAnalysis,,,,,
mada,MetaAnalysis,,,,,
MAVIS,MetaAnalysis,,,,,
metaæ(core),MetaAnalysis,,,,,
meta4diag,MetaAnalysis,,,,,
MetaAnalyser,MetaAnalysis,,,,,
MetABEL,MetaAnalysis,,,,,
metaBMA,MetaAnalysis,,,,,
metacart,MetaAnalysis,,,,,
metacor,MetaAnalysis,,,,,
metaforæ(core),MetaAnalysis,,,,,
metaforest,MetaAnalysis,,,,,
metafuse,MetaAnalysis,,,,,
metagear,MetaAnalysis,,,,,
metagen,MetaAnalysis,,,,,
MetaIntegrator,MetaAnalysis,,,,,
metaLik,MetaAnalysis,,,,,
metaMA,MetaAnalysis,,,,,
metamisc,MetaAnalysis,,,,,
metansue,MetaAnalysis,,,,,
metap,MetaAnalysis,,,,,
MetaPath,MetaAnalysis,,,,,
MetaPCA,MetaAnalysis,,,,,
metaplotr,MetaAnalysis,,,,,
metaplus,MetaAnalysis,,,,,
MetaQC,MetaAnalysis,,,,,
metaRNASeq,MetaAnalysis,,,,,
metaSEM,MetaAnalysis,,,,,
metasens,MetaAnalysis,,,,,
MetaSKAT,MetaAnalysis,,,,,
MetaSubtract,MetaAnalysis,,,,,
metatest,MetaAnalysis,,,,,
Metatron,MetaAnalysis,,,,,
metavcov,MetaAnalysis,,,,,
metaviz,MetaAnalysis,,,,,
mmeta,MetaAnalysis,,,,,
MultiMeta,MetaAnalysis,,,,,
mvmeta,MetaAnalysis,,,,,
mvtmeta,MetaAnalysis,,,,,
netmeta,MetaAnalysis,,,,,
nmaINLA,MetaAnalysis,,,,,
pcnetmeta,MetaAnalysis,,,,,
psychmeta,MetaAnalysis,,,,,
psychometric,MetaAnalysis,,,,,
PubBias,MetaAnalysis,,,,,
RandMeta,MetaAnalysis,,,,,
ratesci,MetaAnalysis,,,,,
RcmdrPlugin.EZR,MetaAnalysis,,,,,
RcmdrPlugin.RMTCJags,MetaAnalysis,,,,,
rma.exact,MetaAnalysis,,,,,
rmeta,MetaAnalysis,,,,,
robumeta,MetaAnalysis,,,,,
SAMURAI,MetaAnalysis,,,,,
SCMA,MetaAnalysis,,,,,
selectMeta,MetaAnalysis,,,,,
seqMeta,MetaAnalysis,,,,,
surrosurv,MetaAnalysis,,,,,
TFisher,MetaAnalysis,,,,,
weightr,MetaAnalysis,,,,,
xmeta,MetaAnalysis,,,,,
abind,Multivariate,,,,,
ade4æ(core),Multivariate,,,,,
amap,Multivariate,,,,,
aplpack,Multivariate,,,,,
ash,Multivariate,,,,,
bayesm,Multivariate,,,,,
ca,Multivariate,,,,,
calibrate,Multivariate,,,,,
car,Multivariate,,,,,
caret,Multivariate,,,,,
class,Multivariate,,,,,
clue,Multivariate,,,,,
clusteræ(core),Multivariate,,,,,
clusterGeneration,Multivariate,,,,,
clusterSim,Multivariate,,,,,
clustvarsel,Multivariate,,,,,
clv,Multivariate,,,,,
cocorresp,Multivariate,,,,,
concor,Multivariate,,,,,
copula,Multivariate,,,,,
corpcor,Multivariate,,,,,
covRobust,Multivariate,,,,,
cramer,Multivariate,,,,,
cwhmisc,Multivariate,,,,,
delt,Multivariate,,,,,
denpro,Multivariate,,,,,
desirability,Multivariate,,,,,
dr,Multivariate,,,,,
e1071,Multivariate,,,,,
earth,Multivariate,,,,,
ellipse,Multivariate,,,,,
energy,Multivariate,,,,,
eRm,Multivariate,,,,,
FactoMineR,Multivariate,,,,,
fastICA,Multivariate,,,,,
feature,Multivariate,,,,,
fgac,Multivariate,,,,,
fpc,Multivariate,,,,,
fso,Multivariate,,,,,
gclus,Multivariate,,,,,
GenKern,Multivariate,,,,,
geometry,Multivariate,,,,,
geozoo,Multivariate,,,,,
gmodels,Multivariate,,,,,
GPArotation,Multivariate,,,,,
hddplot,Multivariate,,,,,
Hmisc,Multivariate,,,,,
homals,Multivariate,,,,,
hybridHclust,Multivariate,,,,,
ICS,Multivariate,,,,,
ICSNP,Multivariate,,,,,
iplots,Multivariate,,,,,
JADE,Multivariate,,,,,
kernlab,Multivariate,,,,,
KernSmooth,Multivariate,,,,,
kknn,Multivariate,,,,,
klaR,Multivariate,,,,,
knncat,Multivariate,,,,,
kohonen,Multivariate,,,,,
ks,Multivariate,,,,,
lattice,Multivariate,,,,,
ltm,Multivariate,,,,,
mAr,Multivariate,,,,,
MASSæ(core),Multivariate,,,,,
Matrix,Multivariate,,,,,
matrixcalc,Multivariate,,,,,
mclust,Multivariate,,,,,
MCMCpack,Multivariate,,,,,
mda,Multivariate,,,,,
mice,Multivariate,,,,,
misc3d,Multivariate,,,,,
mitools,Multivariate,,,,,
mix,Multivariate,,,,,
mnormt,Multivariate,,,,,
MNP,Multivariate,,,,,
monomvn,Multivariate,,,,,
mvnmle,Multivariate,,,,,
mvnormtest,Multivariate,,,,,
mvoutlier,Multivariate,,,,,
mvtnorm,Multivariate,,,,,
nFactors,Multivariate,,,,,
pan,Multivariate,,,,,
paran,Multivariate,,,,,
party,Multivariate,,,,,
pcaPP,Multivariate,,,,,
PearsonICA,Multivariate,,,,,
pls,Multivariate,,,,,
plsgenomics,Multivariate,,,,,
poLCA,Multivariate,,,,,
polycor,Multivariate,,,,,
ppls,Multivariate,,,,,
prim,Multivariate,,,,,
proxy,Multivariate,,,,,
psy,Multivariate,,,,,
PTAk,Multivariate,,,,,
rda,Multivariate,,,,,
relaimpo,Multivariate,,,,,
rggobi,Multivariate,,,,,
rgl,Multivariate,,,,,
robustbase,Multivariate,,,,,
ROCR,Multivariate,,,,,
rpart,Multivariate,,,,,
rrcov,Multivariate,,,,,
sca,Multivariate,,,,,
scatterplot3d,Multivariate,,,,,
sem,Multivariate,,,,,
SensoMineR,Multivariate,,,,,
seriation,Multivariate,,,,,
simba,Multivariate,,,,,
smatr,Multivariate,,,,,
sn,Multivariate,,,,,
spam,Multivariate,,,,,
SparseM,Multivariate,,,,,
SpatialNP,Multivariate,,,,,
superpc,Multivariate,,,,,
trimcluster,Multivariate,,,,,
tsfa,Multivariate,,,,,
vcd,Multivariate,,,,,
veganæ(core),Multivariate,,,,,
VGAM,Multivariate,,,,,
VIM,Multivariate,,,,,
xgobi,Multivariate,,,,,
YaleToolkit,Multivariate,,,,,
alineR,NaturalLanguageProcessing,,,,,
boilerpipeR,NaturalLanguageProcessing,,,,,
corpora,NaturalLanguageProcessing,,,,,
gsubfn,NaturalLanguageProcessing,,,,,
gutenbergr,NaturalLanguageProcessing,,,,,
hunspell,NaturalLanguageProcessing,,,,,
kernlab,NaturalLanguageProcessing,,,,,
KoNLP,NaturalLanguageProcessing,,,,,
koRpus,NaturalLanguageProcessing,,,,,
languageR,NaturalLanguageProcessing,,,,,
lda,NaturalLanguageProcessing,,,,,
lsa,NaturalLanguageProcessing,,,,,
maxent,NaturalLanguageProcessing,,,,,
monkeylearn,NaturalLanguageProcessing,,,,,
movMF,NaturalLanguageProcessing,,,,,
mscstexta4r,NaturalLanguageProcessing,,,,,
mscsweblm4r,NaturalLanguageProcessing,,,,,
openNLP,NaturalLanguageProcessing,,,,,
ore,NaturalLanguageProcessing,,,,,
phonics,NaturalLanguageProcessing,,,,,
phonics,NaturalLanguageProcessing,,,,,
qdap,NaturalLanguageProcessing,,,,,
quanteda,NaturalLanguageProcessing,,,,,
RcmdrPlugin.temis,NaturalLanguageProcessing,,,,,
rel,NaturalLanguageProcessing,,,,,
RKEA,NaturalLanguageProcessing,,,,,
RTextTools,NaturalLanguageProcessing,,,,,
RWeka,NaturalLanguageProcessing,,,,,
skmeans,NaturalLanguageProcessing,,,,,
SnowballC,NaturalLanguageProcessing,,,,,
stm,NaturalLanguageProcessing,,,,,
stringdist,NaturalLanguageProcessing,,,,,
stringi,NaturalLanguageProcessing,,,,,
tau,NaturalLanguageProcessing,,,,,
tesseract,NaturalLanguageProcessing,,,,,
text2vec,NaturalLanguageProcessing,,,,,
textcat,NaturalLanguageProcessing,,,,,
textir,NaturalLanguageProcessing,,,,,
textrank,NaturalLanguageProcessing,,,,,
textreuse,NaturalLanguageProcessing,,,,,
tidytext,NaturalLanguageProcessing,,,,,
tmæ(core),NaturalLanguageProcessing,,,,,
tm.plugin.alceste,NaturalLanguageProcessing,,,,,
tm.plugin.dc,NaturalLanguageProcessing,,,,,
tm.plugin.europresse,NaturalLanguageProcessing,,,,,
tm.plugin.factiva,NaturalLanguageProcessing,,,,,
tm.plugin.lexisnexis,NaturalLanguageProcessing,,,,,
tm.plugin.mail,NaturalLanguageProcessing,,,,,
tm.plugin.webmining,NaturalLanguageProcessing,,,,,
tokenizers,NaturalLanguageProcessing,,,,,
topicmodels,NaturalLanguageProcessing,,,,,
udpipe,NaturalLanguageProcessing,,,,,
wordcloud,NaturalLanguageProcessing,,,,,
wordnet,NaturalLanguageProcessing,,,,,
zipfR,NaturalLanguageProcessing,,,,,
akima,Numerical Mathematics,,,,,
appell,Numerical Mathematics,,,,,
BB,Numerical Mathematics,,,,,
Bessel,Numerical Mathematics,,,,,
Brobdingnag,Numerical Mathematics,,,,,
combinat,Numerical Mathematics,,,,,
conicfit,Numerical Mathematics,,,,,
contfrac,Numerical Mathematics,,,,,
cubature,Numerical Mathematics,,,,,
Derivæ(core),Numerical Mathematics,,,,,
eigeninv,Numerical Mathematics,,,,,
elliptic,Numerical Mathematics,,,,,
expint,Numerical Mathematics,,,,,
expm,Numerical Mathematics,,,,,
fastGHQuad,Numerical Mathematics,,,,,
feather,Numerical Mathematics,,,,,
features,Numerical Mathematics,,,,,
findpython,Numerical Mathematics,,,,,
fourierin,Numerical Mathematics,,,,,
gaussquad,Numerical Mathematics,,,,,
geigen,Numerical Mathematics,,,,,
gmp,Numerical Mathematics,,,,,
gsl,Numerical Mathematics,,,,,
hypergeo,Numerical Mathematics,,,,,
interp,Numerical Mathematics,,,,,
irlba,Numerical Mathematics,,,,,
ktsolve,Numerical Mathematics,,,,,
lamW,Numerical Mathematics,,,,,
logOfGamma,Numerical Mathematics,,,,,
madness,Numerical Mathematics,,,,,
magic,Numerical Mathematics,,,,,
MASS,Numerical Mathematics,,,,,
matlab,Numerical Mathematics,,,,,
Matrixæ(core),Numerical Mathematics,,,,,
matrixcalc,Numerical Mathematics,,,,,
MonoPoly,Numerical Mathematics,,,,,
mpoly,Numerical Mathematics,,,,,
multipol,Numerical Mathematics,,,,,
mvQuad,Numerical Mathematics,,,,,
nleqslv,Numerical Mathematics,,,,,
numbers,Numerical Mathematics,,,,,
numDerivæ(core),Numerical Mathematics,,,,,
onion,Numerical Mathematics,,,,,
optR,Numerical Mathematics,,,,,
orthopolynom,Numerical Mathematics,,,,,
Pade,Numerical Mathematics,,,,,
partitions,Numerical Mathematics,,,,,
permutations,Numerical Mathematics,,,,,
polyCub,Numerical Mathematics,,,,,
polynomæ(core),Numerical Mathematics,,,,,
PolynomF,Numerical Mathematics,,,,,
pracmaæ(core),Numerical Mathematics,,,,,
PythonInR,Numerical Mathematics,,,,,
QZ,Numerical Mathematics,,,,,
R.matlab,Numerical Mathematics,,,,,
R2Cuba,Numerical Mathematics,,,,,
rARPACK,Numerical Mathematics,,,,,
Rcpp,Numerical Mathematics,,,,,
RcppArmadillo,Numerical Mathematics,,,,,
RcppEigen,Numerical Mathematics,,,,,
reticulate,Numerical Mathematics,,,,,
Rmpfr,Numerical Mathematics,,,,,
rmumps,Numerical Mathematics,,,,,
RootsExtremaInflections,Numerical Mathematics,,,,,
rPython,Numerical Mathematics,,,,,
Rserve,Numerical Mathematics,,,,,
RSpectra,Numerical Mathematics,,,,,
rSymPy,Numerical Mathematics,,,,,
Ryacas,Numerical Mathematics,,,,,
schumaker,Numerical Mathematics,,,,,
signal,Numerical Mathematics,,,,,
SimplicialCubature,Numerical Mathematics,,,,,
SnakeCharmR,Numerical Mathematics,,,,,
SparseGrid,Numerical Mathematics,,,,,
SparseM,Numerical Mathematics,,,,,
SphericalCubature,Numerical Mathematics,,,,,
ssvd,Numerical Mathematics,,,,,
statmod,Numerical Mathematics,,,,,
stinepack,Numerical Mathematics,,,,,
svd,Numerical Mathematics,,,,,
tripack,Numerical Mathematics,,,,,
XR,Numerical Mathematics,,,,,
XRJulia,Numerical Mathematics,,,,,
XRPython,Numerical Mathematics,,,,,
acs,OfficialStatistics,,,,,
Amelia,OfficialStatistics,,,,,
BalancedSampling,OfficialStatistics,,,,,
BIFIEsurvey,OfficialStatistics,,,,,
CalibrateSSB,OfficialStatistics,,,,,
cat,OfficialStatistics,,,,,
cbsodataR,OfficialStatistics,,,,,
censusapi,OfficialStatistics,,,,,
CoImp,OfficialStatistics,,,,,
convey,OfficialStatistics,,,,,
deducorrect,OfficialStatistics,,,,,
easySdcTable,OfficialStatistics,,,,,
editrules,OfficialStatistics,,,,,
errorlocate,OfficialStatistics,,,,,
eurostat,OfficialStatistics,,,,,
extremevalues,OfficialStatistics,,,,,
FFD,OfficialStatistics,,,,,
foreign,OfficialStatistics,,,,,
Frames2,OfficialStatistics,,,,,
fuzzyjoin,OfficialStatistics,,,,,
GeomComb,OfficialStatistics,,,,,
gridsample,OfficialStatistics,,,,,
haven,OfficialStatistics,,,,,
hbsae,OfficialStatistics,,,,,
Hmisc,OfficialStatistics,,,,,
IC2,OfficialStatistics,,,,,
icarus,OfficialStatistics,,,,,
inegiR,OfficialStatistics,,,,,
ineq,OfficialStatistics,,,,,
JoSAE,OfficialStatistics,,,,,
laeken,OfficialStatistics,,,,,
lavaan,OfficialStatistics,,,,,
lavaan.survey,OfficialStatistics,,,,,
lme4,OfficialStatistics,,,,,
mapStats,OfficialStatistics,,,,,
MatchIt,OfficialStatistics,,,,,
MBHdesign,OfficialStatistics,,,,,
memisc,OfficialStatistics,,,,,
mi,OfficialStatistics,,,,,
mice,OfficialStatistics,,,,,
micEconIndex,OfficialStatistics,,,,,
MicSim,OfficialStatistics,,,,,
MImix,OfficialStatistics,,,,,
mipfp,OfficialStatistics,,,,,
missForest,OfficialStatistics,,,,,
missMDA,OfficialStatistics,,,,,
mitools,OfficialStatistics,,,,,
mix,OfficialStatistics,,,,,
nlme,OfficialStatistics,,,,,
norm,OfficialStatistics,,,,,
odfWeave,OfficialStatistics,,,,,
odfWeave.survey,OfficialStatistics,,,,,
OECD,OfficialStatistics,,,,,
pan,OfficialStatistics,,,,,
panelaggregation,OfficialStatistics,,,,,
pps,OfficialStatistics,,,,,
PracTools,OfficialStatistics,,,,,
prevR,OfficialStatistics,,,,,
pxR,OfficialStatistics,,,,,
quantification,OfficialStatistics,,,,,
questionr,OfficialStatistics,,,,,
RcmdrPlugin.sampling,OfficialStatistics,,,,,
RecordLinkage,OfficialStatistics,,,,,
reweight,OfficialStatistics,,,,,
robCompositions,OfficialStatistics,,,,,
rpms,OfficialStatistics,,,,,
rrcov3way,OfficialStatistics,,,,,
rrcovNA,OfficialStatistics,,,,,
RRTCS,OfficialStatistics,,,,,
rsae,OfficialStatistics,,,,,
rspa,OfficialStatistics,,,,,
rworldmap,OfficialStatistics,,,,,
saeSim,OfficialStatistics,,,,,
samplesize4surveys,OfficialStatistics,,,,,
sampling,OfficialStatistics,,,,,
samplingbook,OfficialStatistics,,,,,
SamplingStrata,OfficialStatistics,,,,,
samplingVarEst,OfficialStatistics,,,,,
SAScii,OfficialStatistics,,,,,
SDaA,OfficialStatistics,,,,,
sdcMicro,OfficialStatistics,,,,,
sdcTable,OfficialStatistics,,,,,
seasonal,OfficialStatistics,,,,,
SeleMix,OfficialStatistics,,,,,
simFrame,OfficialStatistics,,,,,
simPop,OfficialStatistics,,,,,
simputation,OfficialStatistics,,,,,
sms,OfficialStatistics,,,,,
sorvi,OfficialStatistics,,,,,
spsurvey,OfficialStatistics,,,,,
srvyr,OfficialStatistics,,,,,
StatMatch,OfficialStatistics,,,,,
stratification,OfficialStatistics,,,,,
stringdist,OfficialStatistics,,,,,
surveyæ(core),OfficialStatistics,,,,,
surveybootstrap,OfficialStatistics,,,,,
surveydata,OfficialStatistics,,,,,
surveyoutliers,OfficialStatistics,,,,,
surveyplanning,OfficialStatistics,,,,,
svyPVpack,OfficialStatistics,,,,,
synthpop,OfficialStatistics,,,,,
tabplot,OfficialStatistics,,,,,
TeachingSampling,OfficialStatistics,,,,,
tmap,OfficialStatistics,,,,,
treemap,OfficialStatistics,,,,,
univOutl,OfficialStatistics,,,,,
validate,OfficialStatistics,,,,,
validatetools,OfficialStatistics,,,,,
vardpoor,OfficialStatistics,,,,,
VIM,OfficialStatistics,,,,,
x12,OfficialStatistics,,,,,
x12GUI,OfficialStatistics,,,,,
XBRL,OfficialStatistics,,,,,
yaImpute,OfficialStatistics,,,,,
ABCoptim,Optimization,,,,,
adagio,Optimization,,,,,
alabamaæ(core),Optimization,,,,,
BB,Optimization,,,,,
boot,Optimization,,,,,
bvls,Optimization,,,,,
cccp,Optimization,,,,,
cec2005benchmark,Optimization,,,,,
cec2013,Optimization,,,,,
CEoptim,Optimization,,,,,
clpAPI,Optimization,,,,,
CLSOCP,Optimization,,,,,
clue,Optimization,,,,,
cmaes,Optimization,,,,,
cmaesr,Optimization,,,,,
colf,Optimization,,,,,
coneproj,Optimization,,,,,
copulaedas,Optimization,,,,,
cplexAPI,Optimization,,,,,
crs,Optimization,,,,,
CVXR,Optimization,,,,,
dclone,Optimization,,,,,
DEoptimæ(core),Optimization,,,,,
DEoptimR,Optimization,,,,,
desirability,Optimization,,,,,
dfoptimæ(core),Optimization,,,,,
ECOSolveR,Optimization,,,,,
ecr,Optimization,,,,,
flacco,Optimization,,,,,
GA,Optimization,,,,,
genalg,Optimization,,,,,
GenSA,Optimization,,,,,
globalOptTests,Optimization,,,,,
glpkAPI,Optimization,,,,,
goalprog,Optimization,,,,,
GrassmannOptim,Optimization,,,,,
gsl,Optimization,,,,,
hydroPSO,Optimization,,,,,
igraph,Optimization,,,,,
irace,Optimization,,,,,
isotone,Optimization,,,,,
kernlab,Optimization,,,,,
kofnGA,Optimization,,,,,
lbfgs,Optimization,,,,,
lbfgsb3,Optimization,,,,,
limSolve,Optimization,,,,,
linprog,Optimization,,,,,
localsolver,Optimization,,,,,
LowRankQP,Optimization,,,,,
lpSolve,Optimization,,,,,
lpSolveAPI,Optimization,,,,,
ManifoldOptim,Optimization,,,,,
matchingMarkets,Optimization,,,,,
matchingR,Optimization,,,,,
maxLik,Optimization,,,,,
mcga,Optimization,,,,,
mco,Optimization,,,,,
metaheuristicOpt,Optimization,,,,,
minpack.lm,Optimization,,,,,
minqa,Optimization,,,,,
mize,Optimization,,,,,
n1qn1,Optimization,,,,,
neldermead,Optimization,,,,,
NlcOptim,Optimization,,,,,
nleqslv,Optimization,,,,,
nlmrt,Optimization,,,,,
nloptr,Optimization,,,,,
nls2,Optimization,,,,,
NMOF,Optimization,,,,,
nnls,Optimization,,,,,
ompr,Optimization,,,,,
onls,Optimization,,,,,
optimr,Optimization,,,,,
optimsimplex,Optimization,,,,,
optimx,Optimization,,,,,
optmatch,Optimization,,,,,
parma,Optimization,,,,,
powell,Optimization,,,,,
pso,Optimization,,,,,
psoptim,Optimization,,,,,
qap,Optimization,,,,,
quadprogæ(core),Optimization,,,,,
quadprogXT,Optimization,,,,,
quantreg,Optimization,,,,,
rcdd,Optimization,,,,,
RCEIM,Optimization,,,,,
Rcgmin,Optimization,,,,,
rCMA,Optimization,,,,,
Rcplex,Optimization,,,,,
RcppDE,Optimization,,,,,
Rcsdp,Optimization,,,,,
Rdsdp,Optimization,,,,,
rgenoud,Optimization,,,,,
Rglpk,Optimization,,,,,
rLindo,Optimization,,,,,
Rmalschains,Optimization,,,,,
Rmosek,Optimization,,,,,
rneos,Optimization,,,,,
ROI,Optimization,,,,,
Rsolnp,Optimization,,,,,
Rsymphony,Optimization,,,,,
Rtnmin,Optimization,,,,,
Rvmmin,Optimization,,,,,
SACOBRA,Optimization,,,,,
scs,Optimization,,,,,
sdpt3r,Optimization,,,,,
smoof,Optimization,,,,,
sna,Optimization,,,,,
soma,Optimization,,,,,
subplex,Optimization,,,,,
tabuSearch,Optimization,,,,,
trust,Optimization,,,,,
trustOptim,Optimization,,,,,
TSP,Optimization,,,,,
ucminfæ(core),Optimization,,,,,
cpk,Pharmacokinetics,,,,,
dfpk,Pharmacokinetics,,,,,
mrgsolve,Pharmacokinetics,,,,,
ncappc,Pharmacokinetics,,,,,
ncar,Pharmacokinetics,,,,,
nmw,Pharmacokinetics,,,,,
NonCompart,Pharmacokinetics,,,,,
PK,Pharmacokinetics,,,,,
PKgraph,Pharmacokinetics,,,,,
PKPDmodels,Pharmacokinetics,,,,,
pkr,Pharmacokinetics,,,,,
PKreport,Pharmacokinetics,,,,,
RxODE,Pharmacokinetics,,,,,
scaRabee,Pharmacokinetics,,,,,
adephylo,Phylogenetics,,,,,
adhoc,Phylogenetics,,,,,
apeæ(core),Phylogenetics,,,,,
apTreeshape,Phylogenetics,,,,,
BAMMtools,Phylogenetics,,,,,
bayou,Phylogenetics,,,,,
betapart,Phylogenetics,,,,,
BioGeoBEARS,Phylogenetics,,,,,
BoSSA,Phylogenetics,,,,,
caper,Phylogenetics,,,,,
cati,Phylogenetics,,,,,
convevol,Phylogenetics,,,,,
corHMM,Phylogenetics,,,,,
DAMOCLES,Phylogenetics,,,,,
DDD,Phylogenetics,,,,,
dendextend,Phylogenetics,,,,,
distory,Phylogenetics,,,,,
diversitree,Phylogenetics,,,,,
evobiR,Phylogenetics,,,,,
expands,Phylogenetics,,,,,
expoTree,Phylogenetics,,,,,
geiger,Phylogenetics,,,,,
geomorph,Phylogenetics,,,,,
ggplot2,Phylogenetics,,,,,
GUniFrac,Phylogenetics,,,,,
HMPTrees,Phylogenetics,,,,,
HyPhy,Phylogenetics,,,,,
idendr0,Phylogenetics,,,,,
ips,Phylogenetics,,,,,
iteRates,Phylogenetics,,,,,
jaatha,Phylogenetics,,,,,
kdetrees,Phylogenetics,,,,,
markophylo,Phylogenetics,,,,,
MCMCglmm,Phylogenetics,,,,,
metafor,Phylogenetics,,,,,
MPSEM,Phylogenetics,,,,,
mvMORPH,Phylogenetics,,,,,
nLTT,Phylogenetics,,,,,
ouch,Phylogenetics,,,,,
outbreaker,Phylogenetics,,,,,
OutbreakTools,Phylogenetics,,,,,
OUwie,Phylogenetics,,,,,
paleotree,Phylogenetics,,,,,
paleoTS,Phylogenetics,,,,,
pastis,Phylogenetics,,,,,
PBD,Phylogenetics,,,,,
PCPS,Phylogenetics,,,,,
pegas,Phylogenetics,,,,,
phangorn,Phylogenetics,,,,,
phyclust,Phylogenetics,,,,,
phyext2,Phylogenetics,,,,,
phylobase,Phylogenetics,,,,,
phylocanvas,Phylogenetics,,,,,
phyloclim,Phylogenetics,,,,,
PHYLOGR,Phylogenetics,,,,,
phyloland,Phylogenetics,,,,,
phylolm,Phylogenetics,,,,,
phylotools,Phylogenetics,,,,,
phyloTop,Phylogenetics,,,,,
phytools,Phylogenetics,,,,,
pmc,Phylogenetics,,,,,
RADami,Phylogenetics,,,,,
rdryad,Phylogenetics,,,,,
Reol,Phylogenetics,,,,,
rmetasim,Phylogenetics,,,,,
rncl,Phylogenetics,,,,,
RNeXML,Phylogenetics,,,,,
rotl,Phylogenetics,,,,,
rphast,Phylogenetics,,,,,
Rphylip,Phylogenetics,,,,,
SigTree,Phylogenetics,,,,,
strap,Phylogenetics,,,,,
surface,Phylogenetics,,,,,
SYNCSA,Phylogenetics,,,,,
taxize,Phylogenetics,,,,,
TESS,Phylogenetics,,,,,
treebase,Phylogenetics,,,,,
TreePar,Phylogenetics,,,,,
treeplyr,Phylogenetics,,,,,
TreeSim,Phylogenetics,,,,,
vegan,Phylogenetics,,,,,
ade4æ(core),Psychometrics,,,,,
anacoræ(core),Psychometrics,,,,,
AnalyzeFMRI,Psychometrics,,,,,
aspect,Psychometrics,,,,,
BayesFM,Psychometrics,,,,,
BayesLCA,Psychometrics,,,,,
betareg,Psychometrics,,,,,
BigSEM,Psychometrics,,,,,
BiplotGUI,Psychometrics,,,,,
birtr,Psychometrics,,,,,
blavaanæ(core),Psychometrics,,,,,
bpca,Psychometrics,,,,,
BradleyTerry2,Psychometrics,,,,,
BTLLasso,Psychometrics,,,,,
caæ(core),Psychometrics,,,,,
cabootcrs,Psychometrics,,,,,
cacIRT,Psychometrics,,,,,
catR,Psychometrics,,,,,
CAvariants,Psychometrics,,,,,
CDM,Psychometrics,,,,,
cds,Psychometrics,,,,,
cIRT,Psychometrics,,,,,
classify,Psychometrics,,,,,
ClustVarLV,Psychometrics,,,,,
CMC,Psychometrics,,,,,
cncaGUI,Psychometrics,,,,,
cocor,Psychometrics,,,,,
cocorresp,Psychometrics,,,,,
cocron,Psychometrics,,,,,
CopyDetect,Psychometrics,,,,,
covLCA,Psychometrics,,,,,
ctsem,Psychometrics,,,,,
CTTæ(core),Psychometrics,,,,,
CTTShiny,Psychometrics,,,,,
DAKS,Psychometrics,,,,,
dexter,Psychometrics,,,,,
DFIT,Psychometrics,,,,,
DIFlasso,Psychometrics,,,,,
difNLR,Psychometrics,,,,,
difR,Psychometrics,,,,,
DistatisR,Psychometrics,,,,,
dualScale,Psychometrics,,,,,
e1071,Psychometrics,,,,,
eba,Psychometrics,,,,,
ecodist,Psychometrics,,,,,
edstan,Psychometrics,,,,,
eegkit,Psychometrics,,,,,
EFAutilities,Psychometrics,,,,,
elasticnet,Psychometrics,,,,,
emIRT,Psychometrics,,,,,
equate,Psychometrics,,,,,
equateIRT,Psychometrics,,,,,
eRmæ(core),Psychometrics,,,,,
esaBcv,Psychometrics,,,,,
EstCRM,Psychometrics,,,,,
ExPosition,Psychometrics,,,,,
FactoMineR,Psychometrics,,,,,
faoutlier,Psychometrics,,,,,
fastICA,Psychometrics,,,,,
fechner,Psychometrics,,,,,
flexmix,Psychometrics,,,,,
fourPNO,Psychometrics,,,,,
fwdmsa,Psychometrics,,,,,
GDINA,Psychometrics,,,,,
GPArotation,Psychometrics,,,,,
gSEM,Psychometrics,,,,,
gtheory,Psychometrics,,,,,
homalsæ(core),Psychometrics,,,,,
ica,Psychometrics,,,,,
ICC,Psychometrics,,,,,
immer,Psychometrics,,,,,
influence.SEM,Psychometrics,,,,,
irr,Psychometrics,,,,,
irtDemo,Psychometrics,,,,,
irtoys,Psychometrics,,,,,
IRTpp,Psychometrics,,,,,
irtProb,Psychometrics,,,,,
irtrees,Psychometrics,,,,,
IRTShiny,Psychometrics,,,,,
kcirt,Psychometrics,,,,,
kequate,Psychometrics,,,,,
KernSmoothIRT,Psychometrics,,,,,
kst,Psychometrics,,,,,
labdsv,Psychometrics,,,,,
latdiag,Psychometrics,,,,,
lava,Psychometrics,,,,,
lava.tobit,Psychometrics,,,,,
lavaanæ(core),Psychometrics,,,,,
lavaan.survey,Psychometrics,,,,,
lba,Psychometrics,,,,,
lcda,Psychometrics,,,,,
lme4æ(core),Psychometrics,,,,,
LNIRT,Psychometrics,,,,,
lordif,Psychometrics,,,,,
lsl,Psychometrics,,,,,
ltbayes,Psychometrics,,,,,
ltmæ(core),Psychometrics,,,,,
LVMMCOR,Psychometrics,,,,,
MASS,Psychometrics,,,,,
MBESS,Psychometrics,,,,,
MCAvariants,Psychometrics,,,,,
mcIRT,Psychometrics,,,,,
MCMCglmm,Psychometrics,,,,,
MCMCpack,Psychometrics,,,,,
medflex,Psychometrics,,,,,
mediation,Psychometrics,,,,,
metaSEM,Psychometrics,,,,,
MIIVsem,Psychometrics,,,,,
mirtæ(core),Psychometrics,,,,,
mirtCAT,Psychometrics,,,,,
missMDA,Psychometrics,,,,,
mixRasch,Psychometrics,,,,,
MLCIRTwithin,Psychometrics,,,,,
MLCM,Psychometrics,,,,,
MLDS,Psychometrics,,,,,
modelfree,Psychometrics,,,,,
mokkenæ(core),Psychometrics,,,,,
MplusAutomation,Psychometrics,,,,,
mpt,Psychometrics,,,,,
MPTinR,Psychometrics,,,,,
mRm,Psychometrics,,,,,
MultiLCIRT,Psychometrics,,,,,
multiplex,Psychometrics,,,,,
multiway,Psychometrics,,,,,
munfold,Psychometrics,,,,,
nFactors,Psychometrics,,,,,
nlme,Psychometrics,,,,,
nlsem,Psychometrics,,,,,
nsprcomp,Psychometrics,,,,,
OpenMx,Psychometrics,,,,,
optiscale,Psychometrics,,,,,
ordinal,Psychometrics,,,,,
pairwise,Psychometrics,,,,,
paran,Psychometrics,,,,,
pathmox,Psychometrics,,,,,
pcaPP,Psychometrics,,,,,
pcIRT,Psychometrics,,,,,
piecewiseSEM,Psychometrics,,,,,
pks,Psychometrics,,,,,
PLmixed,Psychometrics,,,,,
plotSEMM,Psychometrics,,,,,
plRasch,Psychometrics,,,,,
pls,Psychometrics,,,,,
plspm,Psychometrics,,,,,
poLCA,Psychometrics,,,,,
polycor,Psychometrics,,,,,
PP,Psychometrics,,,,,
prefmodæ(core),Psychometrics,,,,,
profileR,Psychometrics,,,,,
pscl,Psychometrics,,,,,
psyæ(core),Psychometrics,,,,,
psychæ(core),Psychometrics,,,,,
psychometric,Psychometrics,,,,,
psychomix,Psychometrics,,,,,
psychotools,Psychometrics,,,,,
psychotreeæ(core),Psychometrics,,,,,
psyphy,Psychometrics,,,,,
PTAk,Psychometrics,,,,,
pwrRasch,Psychometrics,,,,,
qgraph,Psychometrics,,,,,
QuantPsyc,Psychometrics,,,,,
quickpsy,Psychometrics,,,,,
randomLCA,Psychometrics,,,,,
RaschSampler,Psychometrics,,,,,
regsem,Psychometrics,,,,,
REQS,Psychometrics,,,,,
rpf,Psychometrics,,,,,
rsem,Psychometrics,,,,,
semæ(core),Psychometrics,,,,,
semdiag,Psychometrics,,,,,
semGOF,Psychometrics,,,,,
SEMID,Psychometrics,,,,,
SEMModComp,Psychometrics,,,,,
semPlot,Psychometrics,,,,,
semPLS,Psychometrics,,,,,
semTools,Psychometrics,,,,,
semtree,Psychometrics,,,,,
SensoMineR,Psychometrics,,,,,
ShinyItemAnalysis,Psychometrics,,,,,
simsem,Psychometrics,,,,,
sirt,Psychometrics,,,,,
smacofæ(core),Psychometrics,,,,,
smds,Psychometrics,,,,,
SNSequate,Psychometrics,,,,,
soc.ca,Psychometrics,,,,,
SOD,Psychometrics,,,,,
SparseFactorAnalysis,Psychometrics,,,,,
sparseSEM,Psychometrics,,,,,
subscore,Psychometrics,,,,,
superMDS,Psychometrics,,,,,
systemfit,Psychometrics,,,,,
TAMæ(core),Psychometrics,,,,,
TestDataImputation,Psychometrics,,,,,
TestScorer,Psychometrics,,,,,
ThreeWay,Psychometrics,,,,,
TripleR,Psychometrics,,,,,
umx,Psychometrics,,,,,
veganæ(core),Psychometrics,,,,,
VGAM,Psychometrics,,,,,
wCorr,Psychometrics,,,,,
WrightMap,Psychometrics,,,,,
xgobi,Psychometrics,,,,,
xxIRT,Psychometrics,,,,,
animation,ReproducibleResearch,,,,,
apaStyle,ReproducibleResearch,,,,,
apsrtable,ReproducibleResearch,,,,,
archivist,ReproducibleResearch,,,,,
ascii,ReproducibleResearch,,,,,
bibtex,ReproducibleResearch,,,,,
brew,ReproducibleResearch,,,,,
checkpoint,ReproducibleResearch,,,,,
DT,ReproducibleResearch,,,,,
exams,ReproducibleResearch,,,,,
formatR,ReproducibleResearch,,,,,
formattable,ReproducibleResearch,,,,,
highlight,ReproducibleResearch,,,,,
highr,ReproducibleResearch,,,,,
Hmiscæ(core),ReproducibleResearch,,,,,
htmlTable,ReproducibleResearch,,,,,
htmltools,ReproducibleResearch,,,,,
HTMLUtils,ReproducibleResearch,,,,,
humanFormat,ReproducibleResearch,,,,,
hwriter,ReproducibleResearch,,,,,
kfigr,ReproducibleResearch,,,,,
Kmisc,ReproducibleResearch,,,,,
knitcitations,ReproducibleResearch,,,,,
knitLatex,ReproducibleResearch,,,,,
knitræ(core),ReproducibleResearch,,,,,
latex2exp,ReproducibleResearch,,,,,
lazyWeave,ReproducibleResearch,,,,,
lubridate,ReproducibleResearch,,,,,
markdown,ReproducibleResearch,,,,,
memisc,ReproducibleResearch,,,,,
miniCRAN,ReproducibleResearch,,,,,
NMOF,ReproducibleResearch,,,,,
odfWeave,ReproducibleResearch,,,,,
odfWeave.survey,ReproducibleResearch,,,,,
packrat,ReproducibleResearch,,,,,
pander,ReproducibleResearch,,,,,
papeR,ReproducibleResearch,,,,,
prettyunits,ReproducibleResearch,,,,,
quantreg,ReproducibleResearch,,,,,
R.cache,ReproducibleResearch,,,,,
R.rsp,ReproducibleResearch,,,,,
R2HTMLæ(core),ReproducibleResearch,,,,,
R2PPT,ReproducibleResearch,,,,,
R2wd,ReproducibleResearch,,,,,
rapport,ReproducibleResearch,,,,,
rbundler,ReproducibleResearch,,,,,
RefManageR,ReproducibleResearch,,,,,
ReporteRs,ReproducibleResearch,,,,,
reporttools,ReproducibleResearch,,,,,
resumer,ReproducibleResearch,,,,,
rmarkdown,ReproducibleResearch,,,,,
rmsæ(core),ReproducibleResearch,,,,,
rprintf,ReproducibleResearch,,,,,
rtf,ReproducibleResearch,,,,,
SortableHTMLTables,ReproducibleResearch,,,,,
sparktex,ReproducibleResearch,,,,,
stargazer,ReproducibleResearch,,,,,
suRtex,ReproducibleResearch,,,,,
SweaveListingUtils,ReproducibleResearch,,,,,
tables,ReproducibleResearch,,,,,
TeachingSampling,ReproducibleResearch,,,,,
texreg,ReproducibleResearch,,,,,
tikzDevice,ReproducibleResearch,,,,,
tth,ReproducibleResearch,,,,,
tufterhandout,ReproducibleResearch,,,,,
xtableæ(core),ReproducibleResearch,,,,,
ztable,ReproducibleResearch,,,,,
covRobust,Robust,,,,,
coxrobust,Robust,,,,,
distr,Robust,,,,,
drgee,Robust,,,,,
FRB,Robust,,,,,
georob,Robust,,,,,
GSE,Robust,,,,,
lqmm,Robust,,,,,
MASSæ(core),Robust,,,,,
mblm,Robust,,,,,
multinomRob,Robust,,,,,
mvoutlier,Robust,,,,,
OutlierDC,Robust,,,,,
OutlierDM,Robust,,,,,
quantreg,Robust,,,,,
RandVar,Robust,,,,,
rgam,Robust,,,,,
roahd,Robust,,,,,
RobAStBase,Robust,,,,,
robcor,Robust,,,,,
robeth,Robust,,,,,
robfilter,Robust,,,,,
RobLox,Robust,,,,,
RobLoxBioC,Robust,,,,,
RobPer,Robust,,,,,
RobRex,Robust,,,,,
RobRSVD,Robust,,,,,
robumeta,Robust,,,,,
robustæ(core),Robust,,,,,
RobustAFT,Robust,,,,,
robustbaseæ(core),Robust,,,,,
robustDA,Robust,,,,,
robustgam,Robust,,,,,
robustlmm,Robust,,,,,
robustloggamma,Robust,,,,,
robustreg,Robust,,,,,
robustX,Robust,,,,,
ROptEst,Robust,,,,,
ROptRegTS,Robust,,,,,
rorutadis,Robust,,,,,
rrcovæ(core),Robust,,,,,
rrcovHD,Robust,,,,,
rrcovNA,Robust,,,,,
rsig,Robust,,,,,
RSKC,Robust,,,,,
sandwich,Robust,,,,,
ssmrob,Robust,,,,,
TEEReg,Robust,,,,,
wle,Robust,,,,,
WRS2,Robust,,,,,
acepack,SocialSciences,,,,,
Amelia,SocialSciences,,,,,
aod,SocialSciences,,,,,
arm,SocialSciences,,,,,
betareg,SocialSciences,,,,,
biglm,SocialSciences,,,,,
BMA,SocialSciences,,,,,
bootæ(core),SocialSciences,,,,,
bootstrap,SocialSciences,,,,,
brglm,SocialSciences,,,,,
caræ(core),SocialSciences,,,,,
catspec,SocialSciences,,,,,
class,SocialSciences,,,,,
demography,SocialSciences,,,,,
dispmod,SocialSciences,,,,,
dr,SocialSciences,,,,,
effectsæ(core),SocialSciences,,,,,
elrm,SocialSciences,,,,,
ergm,SocialSciences,,,,,
exactLoglinTest,SocialSciences,,,,,
forward,SocialSciences,,,,,
gamæ(core),SocialSciences,,,,,
gee,SocialSciences,,,,,
geepack,SocialSciences,,,,,
gmodels,SocialSciences,,,,,
gnm,SocialSciences,,,,,
gss,SocialSciences,,,,,
Hmiscæ(core),SocialSciences,,,,,
influence.ME,SocialSciences,,,,,
latentnet,SocialSciences,,,,,
leaps,SocialSciences,,,,,
lme4æ(core),SocialSciences,,,,,
lmeSplines,SocialSciences,,,,,
lmm,SocialSciences,,,,,
lmtestæ(core),SocialSciences,,,,,
locfit,SocialSciences,,,,,
logistf,SocialSciences,,,,,
logmult,SocialSciences,,,,,
lsmeansæ(core),SocialSciences,,,,,
MASSæ(core),SocialSciences,,,,,
Matching,SocialSciences,,,,,
MatchIt,SocialSciences,,,,,
MCMCglmmæ(core),SocialSciences,,,,,
mgcvæ(core),SocialSciences,,,,,
miæ(core),SocialSciences,,,,,
miceæ(core),SocialSciences,,,,,
mitools,SocialSciences,,,,,
mix,SocialSciences,,,,,
mlogit,SocialSciences,,,,,
MNP,SocialSciences,,,,,
multcompæ(core),SocialSciences,,,,,
multgee,SocialSciences,,,,,
multinomRob,SocialSciences,,,,,
multiplex,SocialSciences,,,,,
mvnmle,SocialSciences,,,,,
network,SocialSciences,,,,,
nlmeæ(core),SocialSciences,,,,,
nlstools,SocialSciences,,,,,
nnetæ(core),SocialSciences,,,,,
norm,SocialSciences,,,,,
np,SocialSciences,,,,,
optmatch,SocialSciences,,,,,
PAFit,SocialSciences,,,,,
pan,SocialSciences,,,,,
perturb,SocialSciences,,,,,
PSAgraphics,SocialSciences,,,,,
pscl,SocialSciences,,,,,
quantregæ(core),SocialSciences,,,,,
qvcalc,SocialSciences,,,,,
rmsæ(core),SocialSciences,,,,,
RSiena,SocialSciences,,,,,
sandwichæ(core),SocialSciences,,,,,
simpleboot,SocialSciences,,,,,
sm,SocialSciences,,,,,
sna,SocialSciences,,,,,
spatial,SocialSciences,,,,,
statnet,SocialSciences,,,,,
surveyæ(core),SocialSciences,,,,,
survivalæ(core),SocialSciences,,,,,
vcd,SocialSciences,,,,,
VGAMæ(core),SocialSciences,,,,,
VIM,SocialSciences,,,,,
visreg,SocialSciences,,,,,
Zelig,SocialSciences,,,,,
ade4,Spatial,,,,,
adehabitat,Spatial,,,,,
adehabitatHR,Spatial,,,,,
adehabitatHS,Spatial,,,,,
adehabitatLT,Spatial,,,,,
adehabitatMA,Spatial,,,,,
ads,Spatial,,,,,
akima,Spatial,,,,,
AMOEBA,Spatial,,,,,
ash,Spatial,,,,,
aspace,Spatial,,,,,
automap,Spatial,,,,,
CARBayes,Spatial,,,,,
cartography,Spatial,,,,,
classIntæ(core),Spatial,,,,,
cleangeo,Spatial,,,,,
CompRandFld,Spatial,,,,,
constrainedKriging,Spatial,,,,,
cshapes,Spatial,,,,,
dbmss,Spatial,,,,,
DClusteræ(core),Spatial,,,,,
deldiræ(core),Spatial,,,,,
dggridRæ(core),Spatial,,,,,
diseasemapping,Spatial,,,,,
DSpat,Spatial,,,,,
ecespa,Spatial,,,,,
ExceedanceTools,Spatial,,,,,
fields,Spatial,,,,,
FieldSim,Spatial,,,,,
FRK,Spatial,,,,,
gdalUtils,Spatial,,,,,
gdistance,Spatial,,,,,
gear,Spatial,,,,,
geoaxe,Spatial,,,,,
geojson,Spatial,,,,,
geojsonio,Spatial,,,,,
GEOmap,Spatial,,,,,
geomapdata,Spatial,,,,,
geonames,Spatial,,,,,
geoRæ(core),Spatial,,,,,
geoRglm,Spatial,,,,,
georob,Spatial,,,,,
geospacom,Spatial,,,,,
geosphere,Spatial,,,,,
geospt,Spatial,,,,,
geostatsp,Spatial,,,,,
ggmap,Spatial,,,,,
ggsn,Spatial,,,,,
glmmBUGS,Spatial,,,,,
gmt,Spatial,,,,,
Grid2Polygons,Spatial,,,,,
GriegSmith,Spatial,,,,,
gstatæ(core),Spatial,,,,,
Guerry,Spatial,,,,,
GWmodel,Spatial,,,,,
gwrr,Spatial,,,,,
hdeco,Spatial,,,,,
HSAR,Spatial,,,,,
igraph,Spatial,,,,,
intamap,Spatial,,,,,
ipdw,Spatial,,,,,
landsat,Spatial,,,,,
latticeDensity,Spatial,,,,,
lawn,Spatial,,,,,
lctools,Spatial,,,,,
leafletR,Spatial,,,,,
magclass,Spatial,,,,,
mapdata,Spatial,,,,,
mapmisc,Spatial,,,,,
mapproj,Spatial,,,,,
maps,Spatial,,,,,
maptoolsæ(core),Spatial,,,,,
mapview,Spatial,,,,,
marmap,Spatial,,,,,
MBA,Spatial,,,,,
McSpatial,Spatial,,,,,
micromap,Spatial,,,,,
ModelMap,Spatial,,,,,
ncdf4,Spatial,,,,,
ncf,Spatial,,,,,
ngspatial,Spatial,,,,,
nlme,Spatial,,,,,
OasisR,Spatial,,,,,
OpenStreetMap,Spatial,,,,,
osmar,Spatial,,,,,
pastecs,Spatial,,,,,
PBSmapping,Spatial,,,,,
PBSmodelling,Spatial,,,,,
plotGoogleMaps,Spatial,,,,,
plotKML,Spatial,,,,,
postGIStools,Spatial,,,,,
PReMiuM,Spatial,,,,,
ProbitSpatial,Spatial,,,,,
quickmapr,Spatial,,,,,
ramps,Spatial,,,,,
RandomFieldsæ(core),Spatial,,,,,
rangeMapper,Spatial,,,,,
RArcInfo,Spatial,,,,,
rasteræ(core),Spatial,,,,,
rasterVis,Spatial,,,,,
RColorBreweræ(core),Spatial,,,,,
recmap,Spatial,,,,,
regress,Spatial,,,,,
rgbif,Spatial,,,,,
rgdalæ(core),Spatial,,,,,
rgeosæ(core),Spatial,,,,,
RgoogleMaps,Spatial,,,,,
rgrass7,Spatial,,,,,
RNetCDF,Spatial,,,,,
rpostgis,Spatial,,,,,
RPyGeo,Spatial,,,,,
RQGIS,Spatial,,,,,
RSAGA,Spatial,,,,,
RSurvey,Spatial,,,,,
rtop,Spatial,,,,,
rworldmap,Spatial,,,,,
rworldxtra,Spatial,,,,,
S2sls,Spatial,,,,,
seg,Spatial,,,,,
sfæ(core),Spatial,,,,,
sgeostat,Spatial,,,,,
shapefiles,Spatial,,,,,
shp2graph,Spatial,,,,,
siplab,Spatial,,,,,
smacpod,Spatial,,,,,
smerc,Spatial,,,,,
spæ(core),Spatial,,,,,
spacetimeæ(core),Spatial,,,,,
spacom,Spatial,,,,,
spaMM,Spatial,,,,,
spanel,Spatial,,,,,
sparr,Spatial,,,,,
spatcounts,Spatial,,,,,
spatgraphs,Spatial,,,,,
spatial,Spatial,,,,,
spatial.tools,Spatial,,,,,
spatialCovariance,Spatial,,,,,
SpatialEpi,Spatial,,,,,
SpatialExtremes,Spatial,,,,,
SpatialPosition,Spatial,,,,,
spatialprobit,Spatial,,,,,
spatialsegregation,Spatial,,,,,
SpatialTools,Spatial,,,,,
spatstatæ(core),Spatial,,,,,
spatsurv,Spatial,,,,,
spBayes,Spatial,,,,,
spBayesSurv,Spatial,,,,,
spcosa,Spatial,,,,,
spdepæ(core),Spatial,,,,,
sperrorest,Spatial,,,,,
spgrass6,Spatial,,,,,
spgwr,Spatial,,,,,
sphet,Spatial,,,,,
spind,Spatial,,,,,
splancsæ(core),Spatial,,,,,
splm,Spatial,,,,,
spm,Spatial,,,,,
spmoran,Spatial,,,,,
spsann,Spatial,,,,,
spselect,Spatial,,,,,
spsurvey,Spatial,,,,,
spTimer,Spatial,,,,,
SSN,Spatial,,,,,
starma,Spatial,,,,,
statebins,Spatial,,,,,
Stem,Spatial,,,,,
stplanr,Spatial,,,,,
taRifx,Spatial,,,,,
tgp,Spatial,,,,,
tmap,Spatial,,,,,
trip,Spatial,,,,,
tripack,Spatial,,,,,
tripEstimation,Spatial,,,,,
UScensus2000cdp,Spatial,,,,,
UScensus2000tract,Spatial,,,,,
vardiag,Spatial,,,,,
vec2dtransf,Spatial,,,,,
vegan,Spatial,,,,,
Watersheds,Spatial,,,,,
wkb,Spatial,,,,,
adehabitatLTæ(core),SpatioTemporal,,,,,
animalTrack,SpatioTemporal,,,,,
argosfilter,SpatioTemporal,,,,,
BayesianAnimalTracker,SpatioTemporal,,,,,
BBMM,SpatioTemporal,,,,,
bcpa,SpatioTemporal,,,,,
CARBayesST,SpatioTemporal,,,,,
crawl,SpatioTemporal,,,,,
cshapes,SpatioTemporal,,,,,
ctmcmove,SpatioTemporal,,,,,
ctmm,SpatioTemporal,,,,,
diveMove,SpatioTemporal,,,,,
fishmove,SpatioTemporal,,,,,
FLightR,SpatioTemporal,,,,,
GeoLight,SpatioTemporal,,,,,
googleVis,SpatioTemporal,,,,,
gstatæ(core),SpatioTemporal,,,,,
lgcp,SpatioTemporal,,,,,
lme4,SpatioTemporal,,,,,
M3,SpatioTemporal,,,,,
mkde,SpatioTemporal,,,,,
move,SpatioTemporal,,,,,
moveHMM,SpatioTemporal,,,,,
mvtsplot,SpatioTemporal,,,,,
ncdf4,SpatioTemporal,,,,,
nlme,SpatioTemporal,,,,,
openair,SpatioTemporal,,,,,
pastecs,SpatioTemporal,,,,,
pbdNCDF4,SpatioTemporal,,,,,
plm,SpatioTemporal,,,,,
plotKML,SpatioTemporal,,,,,
RandomFieldsæ(core),SpatioTemporal,,,,,
rasteræ(core),SpatioTemporal,,,,,
rasterVis,SpatioTemporal,,,,,
rgl,SpatioTemporal,,,,,
rmatio,SpatioTemporal,,,,,
RNetCDF,SpatioTemporal,,,,,
rsatscan,SpatioTemporal,,,,,
sf,SpatioTemporal,,,,,
sigloc,SpatioTemporal,,,,,
SimilarityMeasures,SpatioTemporal,,,,,
smam,SpatioTemporal,,,,,
solaR,SpatioTemporal,,,,,
spæ(core),SpatioTemporal,,,,,
spacetimeæ(core),SpatioTemporal,,,,,
spate,SpatioTemporal,,,,,
SpatioTemporal,SpatioTemporal,,,,,
spatstat,SpatioTemporal,,,,,
spBayes,SpatioTemporal,,,,,
sphet,SpatioTemporal,,,,,
splancs,SpatioTemporal,,,,,
splm,SpatioTemporal,,,,,
spTimer,SpatioTemporal,,,,,
stam,SpatioTemporal,,,,,
Stem,SpatioTemporal,,,,,
STMedianPolish,SpatioTemporal,,,,,
stppResid,SpatioTemporal,,,,,
surveillanceæ(core),SpatioTemporal,,,,,
trackeR,SpatioTemporal,,,,,
TrackReconstruction,SpatioTemporal,,,,,
tripæ(core),SpatioTemporal,,,,,
tripEstimation,SpatioTemporal,,,,,
VTrack,SpatioTemporal,,,,,
wildlifeDI,SpatioTemporal,,,,,
xtsæ(core),SpatioTemporal,,,,,
AdapEnetClass,Survival,,,,,
addhazard,Survival,,,,,
AER,Survival,,,,,
aftgee,Survival,,,,,
ahaz,Survival,,,,,
AHR,Survival,,,,,
AIM,Survival,,,,,
APtools,Survival,,,,,
asaur,Survival,,,,,
asbio,Survival,,,,,
aster,Survival,,,,,
aster2,Survival,,,,,
BaSTA,Survival,,,,,
BayesPiecewiseICAR,Survival,,,,,
bayesSurv,Survival,,,,,
BayHaz,Survival,,,,,
BGPhazard,Survival,,,,,
Biograph,Survival,,,,,
BMA,Survival,,,,,
bnnSurvival,Survival,,,,,
boot,Survival,,,,,
bpcp,Survival,,,,,
bshazard,Survival,,,,,
bujar,Survival,,,,,
censReg,Survival,,,,,
CFC,Survival,,,,,
clinfun,Survival,,,,,
cmprskæ(core),Survival,,,,,
cmprskQR,Survival,,,,,
coarseDataTools,Survival,,,,,
coin,Survival,,,,,
compareC,Survival,,,,,
compeir,Survival,,,,,
compound.Cox,Survival,,,,,
concreg,Survival,,,,,
condGEE,Survival,,,,,
condSURV,Survival,,,,,
controlTest,Survival,,,,,
CoxBoost,Survival,,,,,
coxinterval,Survival,,,,,
coxme,Survival,,,,,
Coxnet,Survival,,,,,
coxphf,Survival,,,,,
coxphw,Survival,,,,,
CoxRidge,Survival,,,,,
coxrobust,Survival,,,,,
coxsei,Survival,,,,,
CPE,Survival,,,,,
CPHshape,Survival,,,,,
Cprob,Survival,,,,,
CR,Survival,,,,,
crrp,Survival,,,,,
crrSC,Survival,,,,,
crrstep,Survival,,,,,
crskdiag,Survival,,,,,
currentSurvival,Survival,,,,,
Cyclops,Survival,,,,,
DAAG,Survival,,,,,
dblcens,Survival,,,,,
discSurv,Survival,,,,,
DPpackage,Survival,,,,,
DStree,Survival,,,,,
DTDA,Survival,,,,,
dynpred,Survival,,,,,
dynsurv,Survival,,,,,
ehaæ(core),Survival,,,,,
ELYP,Survival,,,,,
emplik,Survival,,,,,
emplik2,Survival,,,,,
Epi,Survival,,,,,
epiR,Survival,,,,,
etm,Survival,,,,,
exactRankTests,Survival,,,,,
FamEvent,Survival,,,,,
fastpseudo,Survival,,,,,
FHtest,Survival,,,,,
fitdistrplus,Survival,,,,,
flexPM,Survival,,,,,
flexrsurv,Survival,,,,,
flexsurv,Survival,,,,,
frailtyHL,Survival,,,,,
frailtypack,Survival,,,,,
frailtySurv,Survival,,,,,
gamboostMSM,Survival,,,,,
gamlss.cens,Survival,,,,,
gbm,Survival,,,,,
gcerisk,Survival,,,,,
gems,Survival,,,,,
genSurv,Survival,,,,,
glmnet,Survival,,,,,
glmpath,Survival,,,,,
globalboosttest,Survival,,,,,
glrt,Survival,,,,,
gof,Survival,,,,,
GORCure,Survival,,,,,
gss,Survival,,,,,
GSSE,Survival,,,,,
gte,Survival,,,,,
hdnom,Survival,,,,,
ICBayes,Survival,,,,,
ICE,Survival,,,,,
icenReg,Survival,,,,,
ICGOR,Survival,,,,,
icRSF,Survival,,,,,
ICsurv,Survival,,,,,
IDPSurvival,Survival,,,,,
imputeYn,Survival,,,,,
InformativeCensoring,Survival,,,,,
intercure,Survival,,,,,
interval,Survival,,,,,
invGauss,Survival,,,,,
ipdmeta,Survival,,,,,
ipred,Survival,,,,,
isoph,Survival,,,,,
jackknifeKME,Survival,,,,,
JM,Survival,,,,,
JMbayes,Survival,,,,,
joineR,Survival,,,,,
joint.Cox,Survival,,,,,
JointModel,Survival,,,,,
JPSurv,Survival,,,,,
kaps,Survival,,,,,
km.ci,Survival,,,,,
kmc,Survival,,,,,
kmconfband,Survival,,,,,
kmi,Survival,,,,,
KMsurv,Survival,,,,,
landest,Survival,,,,,
lava.tobit,Survival,,,,,
lbiassurv,Survival,,,,,
LearnBayes,Survival,,,,,
LexisPlotR,Survival,,,,,
lmec,Survival,,,,,
locfit,Survival,,,,,
logconcens,Survival,,,,,
LogicReg,Survival,,,,,
LogrankA,Survival,,,,,
logspline,Survival,,,,,
lpc,Survival,,,,,
lsmeans,Survival,,,,,
lss,Survival,,,,,
LTRCtrees,Survival,,,,,
MAMSE,Survival,,,,,
maxstat,Survival,,,,,
mboost,Survival,,,,,
MCMCglmm,Survival,,,,,
MCMCpack,Survival,,,,,
mets,Survival,,,,,
mexhaz,Survival,,,,,
mfp,Survival,,,,,
miCoPTCM,Survival,,,,,
MicSim,Survival,,,,,
MIICD,Survival,,,,,
mixAK,Survival,,,,,
mixPHM,Survival,,,,,
MLEcens,Survival,,,,,
MRsurv,Survival,,,,,
msm,Survival,,,,,
msmtools,Survival,,,,,
msSurv,Survival,,,,,
MST,Survival,,,,,
mstateæ(core),Survival,,,,,
muhazæ(core),Survival,,,,,
multcomp,Survival,,,,,
multipleNCC,Survival,,,,,
mvna,Survival,,,,,
NADA,Survival,,,,,
NestedCohort,Survival,,,,,
NPHMC,Survival,,,,,
NPMLEcmprsk,Survival,,,,,
npsurv,Survival,,,,,
OIsurv,Survival,,,,,
OrdFacReg,Survival,,,,,
OutlierDC,Survival,,,,,
p3state.msm,Survival,,,,,
paf,Survival,,,,,
pamr,Survival,,,,,
parfm,Survival,,,,,
parfm,Survival,,,,,
party,Survival,,,,,
pch,Survival,,,,,
pec,Survival,,,,,
penalized,Survival,,,,,
PenCoxFrail,Survival,,,,,
penMSM,Survival,,,,,
peperr,Survival,,,,,
PermAlgo,Survival,,,,,
PHeval,Survival,,,,,
plac,Survival,,,,,
plsRcox,Survival,,,,,
polspline,Survival,,,,,
popEpi,Survival,,,,,
powerSurvEpi,Survival,,,,,
PReMiuM,Survival,,,,,
prodlim,Survival,,,,,
psbcGroup,Survival,,,,,
pseudo,Survival,,,,,
quantreg,Survival,,,,,
randomForestSRC,Survival,,,,,
ranger,Survival,,,,,
rankhazard,Survival,,,,,
reda,Survival,,,,,
relsurv,Survival,,,,,
reReg,Survival,,,,,
rhosp,Survival,,,,,
riskRegression,Survival,,,,,
risksetROC,Survival,,,,,
rmsæ(core),Survival,,,,,
RobustAFT,Survival,,,,,
ROCt,Survival,,,,,
rpart,Survival,,,,,
rsig,Survival,,,,,
rstpm2,Survival,,,,,
saws,Survival,,,,,
SemiCompRisks,Survival,,,,,
SemiMarkov,Survival,,,,,
SGL,Survival,,,,,
simexaft,Survival,,,,,
SimHaz,Survival,,,,,
simMSM,Survival,,,,,
simPH,Survival,,,,,
SimSCRPiecewise,Survival,,,,,
smcure,Survival,,,,,
SMIR,Survival,,,,,
SmoothHazard,Survival,,,,,
smoothHR,Survival,,,,,
smoothSurv,Survival,,,,,
SMPracticals,Survival,,,,,
spatstat,Survival,,,,,
spatsurv,Survival,,,,,
spBayesSurv,Survival,,,,,
SSRMST,Survival,,,,,
superpc,Survival,,,,,
surv2sampleComp,Survival,,,,,
survAccuracyMeasures,Survival,,,,,
survAUC,Survival,,,,,
survC1,Survival,,,,,
SurvCorr,Survival,,,,,
survexp.fr,Survival,,,,,
survey,Survival,,,,,
Survgini,Survival,,,,,
survIDINRI,Survival,,,,,
survivalæ(core),Survival,,,,,
survivalMPL,Survival,,,,,
survivalROC,Survival,,,,,
survJamda,Survival,,,,,
SurvLong,Survival,,,,,
survminer,Survival,,,,,
survMisc,Survival,,,,,
survPresmooth,Survival,,,,,
SurvRank,Survival,,,,,
SurvRegCensCov,Survival,,,,,
survRM2,Survival,,,,,
survsim,Survival,,,,,
survSNP,Survival,,,,,
SvyNom,Survival,,,,,
TBSSurvival,Survival,,,,,
tdROC,Survival,,,,,
thregI,Survival,,,,,
timeregæ(core),Survival,,,,,
timeROC,Survival,,,,,
tlmec,Survival,,,,,
TP.idm,Survival,,,,,
TPmsm,Survival,,,,,
tpr,Survival,,,,,
TraMineR,Survival,,,,,
TransModel,Survival,,,,,
tranSurv,Survival,,,,,
TSHRC,Survival,,,,,
uniah,Survival,,,,,
uniCox,Survival,,,,,
VGAM,Survival,,,,,
vitality,Survival,,,,,
YPmodel,Survival,,,,,
acp,TimeSeries,,,,,
AER,TimeSeries,,,,,
ArDec,TimeSeries,,,,,
arfima,TimeSeries,,,,,
astsa,TimeSeries,,,,,
autovarCore,TimeSeries,,,,,
BAYSTAR,TimeSeries,,,,,
bentcableAR,TimeSeries,,,,,
BETS,TimeSeries,,,,,
bfast,TimeSeries,,,,,
bigtime,TimeSeries,,,,,
BigVAR,TimeSeries,,,,,
biwavelet,TimeSeries,,,,,
BNPTSclust,TimeSeries,,,,,
boot,TimeSeries,,,,,
BootPR,TimeSeries,,,,,
brainwaver,TimeSeries,,,,,
bspec,TimeSeries,,,,,
bsts,TimeSeries,,,,,
CADFtest,TimeSeries,,,,,
carfima,TimeSeries,,,,,
carx,TimeSeries,,,,,
cents,TimeSeries,,,,,
changepoint,TimeSeries,,,,,
chron,TimeSeries,,,,,
cointReg,TimeSeries,,,,,
CommonTrend,TimeSeries,,,,,
costat,TimeSeries,,,,,
cts,TimeSeries,,,,,
dataseries,TimeSeries,,,,,
dCovTS,TimeSeries,,,,,
depmix,TimeSeries,,,,,
depmixS4,TimeSeries,,,,,
deseasonalize,TimeSeries,,,,,
dLagM,TimeSeries,,,,,
dlm,TimeSeries,,,,,
dlmodeler,TimeSeries,,,,,
dlnm,TimeSeries,,,,,
dse,TimeSeries,,,,,
dtw,TimeSeries,,,,,
dtwclust,TimeSeries,,,,,
dygraphs,TimeSeries,,,,,
dyn,TimeSeries,,,,,
dynlm,TimeSeries,,,,,
dynr,TimeSeries,,,,,
earlywarnings,TimeSeries,,,,,
Ecdat,TimeSeries,,,,,
ecm,TimeSeries,,,,,
ecp,TimeSeries,,,,,
EMD,TimeSeries,,,,,
ensembleBMA,TimeSeries,,,,,
EvalEst,TimeSeries,,,,,
events,TimeSeries,,,,,
expsmooth,TimeSeries,,,,,
factorstochvol,TimeSeries,,,,,
fame,TimeSeries,,,,,
fanplot,TimeSeries,,,,,
FeedbackTS,TimeSeries,,,,,
fGarch,TimeSeries,,,,,
FGN,TimeSeries,,,,,
FitAR,TimeSeries,,,,,
FitARMA,TimeSeries,,,,,
FKF,TimeSeries,,,,,
fma,TimeSeries,,,,,
fNonlinear,TimeSeries,,,,,
ForeCA,TimeSeries,,,,,
forecastæ(core),TimeSeries,,,,,
ForecastComb,TimeSeries,,,,,
forecastHybrid,TimeSeries,,,,,
forecTheta,TimeSeries,,,,,
fpp,TimeSeries,,,,,
fpp2,TimeSeries,,,,,
fracdiff,TimeSeries,,,,,
fractal,TimeSeries,,,,,
fractalrock,TimeSeries,,,,,
freqdom,TimeSeries,,,,,
freqdom.fda,TimeSeries,,,,,
fts,TimeSeries,,,,,
ftsa,TimeSeries,,,,,
funtimes,TimeSeries,,,,,
GAS,TimeSeries,,,,,
gdpc,TimeSeries,,,,,
ggseas,TimeSeries,,,,,
glarma,TimeSeries,,,,,
GMDH,TimeSeries,,,,,
gsarima,TimeSeries,,,,,
gtop,TimeSeries,,,,,
HarmonicRegression,TimeSeries,,,,,
hht,TimeSeries,,,,,
hts,TimeSeries,,,,,
hwwntest,TimeSeries,,,,,
imputeTS,TimeSeries,,,,,
influxdbr,TimeSeries,,,,,
InspectChangepoint,TimeSeries,,,,,
jmotif,TimeSeries,,,,,
KFAS,TimeSeries,,,,,
KFKSDS,TimeSeries,,,,,
kza,TimeSeries,,,,,
locits,TimeSeries,,,,,
lomb,TimeSeries,,,,,
LPStimeSeries,TimeSeries,,,,,
LSTS,TimeSeries,,,,,
ltsa,TimeSeries,,,,,
lubridate,TimeSeries,,,,,
M4comp,TimeSeries,,,,,
mafs,TimeSeries,,,,,
MAPA,TimeSeries,,,,,
mAr,TimeSeries,,,,,
1-Mar,TimeSeries,,,,,
mar1s,TimeSeries,,,,,
MARSS,TimeSeries,,,,,
mclcar,TimeSeries,,,,,
Mcomp,TimeSeries,,,,,
meboot,TimeSeries,,,,,
mFilter,TimeSeries,,,,,
mlVAR,TimeSeries,,,,,
mondate,TimeSeries,,,,,
MSBVAR,TimeSeries,,,,,
MSwM,TimeSeries,,,,,
MTS,TimeSeries,,,,,
multitaper,TimeSeries,,,,,
mvcwt,TimeSeries,,,,,
nets,TimeSeries,,,,,
nlts,TimeSeries,,,,,
nnfor,TimeSeries,,,,,
nonlinearTseries,TimeSeries,,,,,
npst,TimeSeries,,,,,
odpc,TimeSeries,,,,,
opera,TimeSeries,,,,,
orderedLasso,TimeSeries,,,,,
paleoTS,TimeSeries,,,,,
partsm,TimeSeries,,,,,
pastecs,TimeSeries,,,,,
PCA4TS,TimeSeries,,,,,
pcdpca,TimeSeries,,,,,
pdc,TimeSeries,,,,,
pdfetch,TimeSeries,,,,,
pear,TimeSeries,,,,,
perARMA,TimeSeries,,,,,
pomp,TimeSeries,,,,,
portes,TimeSeries,,,,,
prophet,TimeSeries,,,,,
psd,TimeSeries,,,,,
PSF,TimeSeries,,,,,
ptw,TimeSeries,,,,,
Quandl,TimeSeries,,,,,
quantspec,TimeSeries,,,,,
rdatamarket,TimeSeries,,,,,
RGENERATE,TimeSeries,,,,,
Rlibeemd,TimeSeries,,,,,
rmaf,TimeSeries,,,,,
RMAWGEN,TimeSeries,,,,,
robets,TimeSeries,,,,,
robfilter,TimeSeries,,,,,
robustarima,TimeSeries,,,,,
roll,TimeSeries,,,,,
RSEIS,TimeSeries,,,,,
Rssa,TimeSeries,,,,,
rts,TimeSeries,,,,,
rucrdtw,TimeSeries,,,,,
rugarch,TimeSeries,,,,,
rwt,TimeSeries,,,,,
sae2,TimeSeries,,,,,
scoringRules,TimeSeries,,,,,
SDD,TimeSeries,,,,,
sde,TimeSeries,,,,,
seas,TimeSeries,,,,,
season,TimeSeries,,,,,
seasonal,TimeSeries,,,,,
seasonalview,TimeSeries,,,,,
Sim.DiffProc,TimeSeries,,,,,
sleekts,TimeSeries,,,,,
smooth,TimeSeries,,,,,
sparsevar,TimeSeries,,,,,
spectral,TimeSeries,,,,,
spectral.methods,TimeSeries,,,,,
spTimer,TimeSeries,,,,,
stlplus,TimeSeries,,,,,
stochvol,TimeSeries,,,,,
stR,TimeSeries,,,,,
strucchange,TimeSeries,,,,,
stsm,TimeSeries,,,,,
stsm.class,TimeSeries,,,,,
surveillance,TimeSeries,,,,,
svars,TimeSeries,,,,,
sweep,TimeSeries,,,,,
Tcomp,TimeSeries,,,,,
TED,TimeSeries,,,,,
tempdisagg,TimeSeries,,,,,
tframe,TimeSeries,,,,,
thief,TimeSeries,,,,,
Tides,TimeSeries,,,,,
tiger,TimeSeries,,,,,
timeDate,TimeSeries,,,,,
TimeProjection,TimeSeries,,,,,
timesboot,TimeSeries,,,,,
timeSeries,TimeSeries,,,,,
timetk,TimeSeries,,,,,
timsac,TimeSeries,,,,,
tis,TimeSeries,,,,,
tpr,TimeSeries,,,,,
trend,TimeSeries,,,,,
TSA,TimeSeries,,,,,
tsbugs,TimeSeries,,,,,
TSclust,TimeSeries,,,,,
tscount,TimeSeries,,,,,
TSdbi,TimeSeries,,,,,
tsdecomp,TimeSeries,,,,,
tsdisagg2,TimeSeries,,,,,
TSdist,TimeSeries,,,,,
tsDyn,TimeSeries,,,,,
tseriesæ(core),TimeSeries,,,,,
tseriesChaos,TimeSeries,,,,,
tseriesEntropy,TimeSeries,,,,,
tsfa,TimeSeries,,,,,
tsintermittent,TimeSeries,,,,,
TSMining,TimeSeries,,,,,
tsModel,TimeSeries,,,,,
tsoutliers,TimeSeries,,,,,
tsPI,TimeSeries,,,,,
TSTutorial,TimeSeries,,,,,
tswge,TimeSeries,,,,,
urca,TimeSeries,,,,,
uroot,TimeSeries,,,,,
VAR.etp,TimeSeries,,,,,
vars,TimeSeries,,,,,
VARsignR,TimeSeries,,,,,
Wats,TimeSeries,,,,,
WaveletComp,TimeSeries,,,,,
wavelets,TimeSeries,,,,,
waveslim,TimeSeries,,,,,
wavethresh,TimeSeries,,,,,
wbsts,TimeSeries,,,,,
WeightedPortTest,TimeSeries,,,,,
wktmo,TimeSeries,,,,,
wmtsa,TimeSeries,,,,,
x12,TimeSeries,,,,,
x12GUI,TimeSeries,,,,,
x13binary,TimeSeries,,,,,
xts,TimeSeries,,,,,
yuima,TimeSeries,,,,,
ZIM,TimeSeries,,,,,
zooæ(core),TimeSeries,,,,,
ZRA,TimeSeries,,,,,
abbyyR,WebTechnologies,,,,,
ApacheLogProcessor,WebTechnologies,,,,,
aRxiv,WebTechnologies,,,,,
aws.signature,WebTechnologies,,,,,
AzureML,WebTechnologies,,,,,
backblazer,WebTechnologies,,,,,
bigml,WebTechnologies,,,,,
bigrquery,WebTechnologies,,,,,
boilerpipeR,WebTechnologies,,,,,
boxr,WebTechnologies,,,,,
captr,WebTechnologies,,,,,
clarifai,WebTechnologies,,,,,
curl,WebTechnologies,,,,,
cymruservices,WebTechnologies,,,,,
d3Network,WebTechnologies,,,,,
datamart,WebTechnologies,,,,,
dataone,WebTechnologies,,,,,
datarobot,WebTechnologies,,,,,
ddeploy,WebTechnologies,,,,,
discgolf,WebTechnologies,,,,,
downloader,WebTechnologies,,,,,
dvn,WebTechnologies,,,,,
europepmc,WebTechnologies,,,,,
factualR,WebTechnologies,,,,,
FastRWeb,WebTechnologies,,,,,
fbRads,WebTechnologies,,,,,
fiery,WebTechnologies,,,,,
fitbitScraper,WebTechnologies,,,,,
GAR,WebTechnologies,,,,,
genderizeR,WebTechnologies,,,,,
geoparser,WebTechnologies,,,,,
ggmap,WebTechnologies,,,,,
ggvis,WebTechnologies,,,,,
gistr,WebTechnologies,,,,,
git2r,WebTechnologies,,,,,
gitlabr,WebTechnologies,,,,,
gmailr,WebTechnologies,,,,,
googleAnalyticsR,WebTechnologies,,,,,
googleCloudStorageR,WebTechnologies,,,,,
googlesheets,WebTechnologies,,,,,
googleVis,WebTechnologies,,,,,
graphTweets,WebTechnologies,,,,,
gsheet,WebTechnologies,,,,,
gtrendsR,WebTechnologies,,,,,
htmltab,WebTechnologies,,,,,
httpcache,WebTechnologies,,,,,
httping,WebTechnologies,,,,,
httpRequest,WebTechnologies,,,,,
httpuv,WebTechnologies,,,,,
httræ(core),WebTechnologies,,,,,
imguR,WebTechnologies,,,,,
instaR,WebTechnologies,,,,,
jqr,WebTechnologies,,,,,
jSonarR,WebTechnologies,,,,,
jsonliteæ(core),WebTechnologies,,,,,
jsonvalidate,WebTechnologies,,,,,
jug,WebTechnologies,,,,,
leafletR,WebTechnologies,,,,,
livechatR,WebTechnologies,,,,,
longurl,WebTechnologies,,,,,
lucr,WebTechnologies,,,,,
magrittr,WebTechnologies,,,,,
mailR,WebTechnologies,,,,,
mime,WebTechnologies,,,,,
mscstexta4r,WebTechnologies,,,,,
mscsweblm4r,WebTechnologies,,,,,
MTurkR,WebTechnologies,,,,,
oai,WebTechnologies,,,,,
OAIHarvester,WebTechnologies,,,,,
openadds,WebTechnologies,,,,,
opencage,WebTechnologies,,,,,
opencpu,WebTechnologies,,,,,
osi,WebTechnologies,,,,,
osmar,WebTechnologies,,,,,
osmplotr,WebTechnologies,,,,,
osrm,WebTechnologies,,,,,
pdftables,WebTechnologies,,,,,
placement,WebTechnologies,,,,,
plotGoogleMaps,WebTechnologies,,,,,
plotKML,WebTechnologies,,,,,
plumber,WebTechnologies,,,,,
plusser,WebTechnologies,,,,,
pubmed.mineR,WebTechnologies,,,,,
pushoverr,WebTechnologies,,,,,
RAdwords,WebTechnologies,,,,,
randNames,WebTechnologies,,,,,
rapport,WebTechnologies,,,,,
Rbitcoin,WebTechnologies,,,,,
rbitcoinchartsapi,WebTechnologies,,,,,
Rblpapi,WebTechnologies,,,,,
RCurlæ(core),WebTechnologies,,,,,
RDataCanvas,WebTechnologies,,,,,
rdatacite,WebTechnologies,,,,,
redcapAPI,WebTechnologies,,,,,
RefManageR,WebTechnologies,,,,,
repmis,WebTechnologies,,,,,
request,WebTechnologies,,,,,
restimizeapi,WebTechnologies,,,,,
Rexperigen,WebTechnologies,,,,,
Rfacebook,WebTechnologies,,,,,
rfigshare,WebTechnologies,,,,,
RForcecom,WebTechnologies,,,,,
RGA,WebTechnologies,,,,,
rgeolocate,WebTechnologies,,,,,
RGoogleAnalytics,WebTechnologies,,,,,
RGoogleFit,WebTechnologies,,,,,
RgoogleMaps,WebTechnologies,,,,,
rio,WebTechnologies,,,,,
rjson,WebTechnologies,,,,,
RJSONIO,WebTechnologies,,,,,
rLTP,WebTechnologies,,,,,
RMixpanel,WebTechnologies,,,,,
ROAuth,WebTechnologies,,,,,
Rook,WebTechnologies,,,,,
ROpenFIGI,WebTechnologies,,,,,
ROpenWeatherMap,WebTechnologies,,,,,
rorcid,WebTechnologies,,,,,
rosetteApi,WebTechnologies,,,,,
rplos,WebTechnologies,,,,,
RPushbullet,WebTechnologies,,,,,
rrefine,WebTechnologies,,,,,
RSclient,WebTechnologies,,,,,
rsdmx,WebTechnologies,,,,,
RSelenium,WebTechnologies,,,,,
Rserve,WebTechnologies,,,,,
RSiteCatalyst,WebTechnologies,,,,,
RSmartlyIO,WebTechnologies,,,,,
RStripe,WebTechnologies,,,,,
rvest,WebTechnologies,,,,,
RYandexTranslate,WebTechnologies,,,,,
RZabbix,WebTechnologies,,,,,
scholar,WebTechnologies,,,,,
scrapeR,WebTechnologies,,,,,
searchConsoleR,WebTechnologies,,,,,
sendmailR,WebTechnologies,,,,,
servr,WebTechnologies,,,,,
shinyæ(core),WebTechnologies,,,,,
shopifyr,WebTechnologies,,,,,
slackr,WebTechnologies,,,,,
SocialMediaMineR,WebTechnologies,,,,,
soql,WebTechnologies,,,,,
streamR,WebTechnologies,,,,,
telegram,WebTechnologies,,,,,
threewords,WebTechnologies,,,,,
tm.plugin.webmining,WebTechnologies,,,,,
transcribeR,WebTechnologies,,,,,
translate,WebTechnologies,,,,,
translateR,WebTechnologies,,,,,
tumblR,WebTechnologies,,,,,
tweet2r,WebTechnologies,,,,,
twitteR,WebTechnologies,,,,,
uaparserjs,WebTechnologies,,,,,
urlshorteneR,WebTechnologies,,,,,
urltools,WebTechnologies,,,,,
V8,WebTechnologies,,,,,
W3CMarkupValidator,WebTechnologies,,,,,
webreadr,WebTechnologies,,,,,
webshot,WebTechnologies,,,,,
webutils,WebTechnologies,,,,,
whisker,WebTechnologies,,,,,
WikidataR,WebTechnologies,,,,,
wikipediatrend,WebTechnologies,,,,,
WikipediR,WebTechnologies,,,,,
WikiSocio,WebTechnologies,,,,,
WufooR,WebTechnologies,,,,,
XMLæ(core),WebTechnologies,,,,,
xml2,WebTechnologies,,,,,
XML2R,WebTechnologies,,,,,
yhatr,WebTechnologies,,,,,
yummlyr,WebTechnologies,,,,,
zendeskR,WebTechnologies,,,,,
abn,gr,,,,,
bayesmix,gr,,,,,
BDgraph,gr,,,,,
bnlearn,gr,,,,,
bnstruct,gr,,,,,
boa,gr,,,,,
BRugs,gr,,,,,
catnet,gr,,,,,
coda,gr,,,,,
dclone,gr,,,,,
deal,gr,,,,,
diagram,gr,,,,,
DiagrammeR,gr,,,,,
dynamicGraph,gr,,,,,
ergm,gr,,,,,
FBFsearch,gr,,,,,
GeneNet,gr,,,,,
ggm,gr,,,,,
giRaph,gr,,,,,
gRain,gr,,,,,
gRbaseæ(core),gr,,,,,
gRc,gr,,,,,
gRim,gr,,,,,
huge,gr,,,,,
igraph,gr,,,,,
lvnet,gr,,,,,
mathgraph,gr,,,,,
MXM,gr,,,,,
ndtv,gr,,,,,
network,gr,,,,,
networkDynamic,gr,,,,,
parcor,gr,,,,,
pcalg,gr,,,,,
QUIC,gr,,,,,
R2OpenBUGS,gr,,,,,
R2WinBUGS,gr,,,,,
rbugs,gr,,,,,
rjags,gr,,,,,
SIN,gr,,,,,